k,frequency_hz,first_window_real,first_window_imag,first_window_power,power_sum_156,log_q12,mean_q12,gain_q24,normalization_product,feature_int8,weight_int8,product,score_after_bin
1,15.625,-858082,79561,2900916685,844781336208,34136,32983,132110,152322830,9,79,711,1152
2,31.25,75215,289805,350172790,920687739861,34643,33428,109302,132801930,8,-10,-80,1072
3,46.875,1121828,1384407,12402659388,3735335314595,42921,36637,78799,495172916,30,18,540,1612
4,62.5,-2780141,-3959145,91421926214,21042647542285,53133,45272,73238,575723918,34,45,1530,3142
5,78.125,1624762,2761950,40110231872,9115875909310,48193,41988,86850,538904250,32,91,2912,6054
6,93.75,-317561,-799865,2893082058,733571311496,33302,28782,103069,465871880,28,51,1428,7482
7,109.375,689912,557024,3071305876,562481290049,31730,28849,102033,293957073,18,15,270,7752
8,125.0,689145,-5299,1855269181,1505781129558,37552,32026,99812,551561112,33,-111,-3663,4089
9,140.625,-1544489,-237749,9538948665,984815601925,35043,33350,112045,189692185,11,-127,-1397,2692
10,156.25,314371,262655,655534276,443871804261,30333,30228,93833,9852465,1,-36,-36,2656
11,171.875,601293,-542766,2563078916,474472388426,30727,28628,88563,185893737,11,-37,-407,2249
12,187.5,-591965,239471,1592847348,282184657811,27657,28618,99667,-95779987,-6,-12,72,2321
13,203.125,47932,157301,105629224,411998331386,29891,29682,123999,25915791,2,76,152,2473
14,218.75,261963,53123,279088541,461867606872,30568,27756,94692,266273904,16,60,960,3433
15,234.375,340916,-355934,948877857,252756642938,27007,25134,112867,211399891,13,11,143,3576
16,250.0,-603193,425219,2127550755,227382539561,26382,24646,126617,219807112,13,-23,-299,3277
17,265.625,268935,-161214,384046828,221649133150,26230,25595,106616,67701160,4,-9,-36,3241
18,281.25,-8604,-182757,130758398,229174531786,26427,26296,88553,11600443,1,22,22,3263
19,296.875,193631,-141076,224200789,287322955426,27763,27833,101864,-7130480,0,24,0,3263
20,312.5,-532935,662206,2822408206,345591766555,28854,26516,123041,287669858,17,20,340,3603
21,328.125,124533,-647257,1697070672,395788539323,29656,25214,126702,562810284,34,33,1122,4725
22,343.75,408253,383735,1226261962,273299209207,27468,24196,127252,416368544,25,42,1050,5775
23,359.375,-620867,-53231,1516833481,147151311527,23809,22555,106523,133579842,8,-8,-64,5711
24,375.0,568177,-95676,1296792970,184859867096,25157,22152,107283,322385415,19,-22,-418,5293
25,390.625,-169989,-106775,157410784,203382474515,25722,23208,119975,301617150,18,14,252,5545
26,406.25,183552,-32570,135750553,236047541940,26601,24063,114626,290920788,17,24,408,5953
27,421.875,-250865,281967,556400927,209814883396,25906,24058,109642,202618416,12,17,204,6157
28,437.5,26800,-44398,10505556,158046814347,24230,24305,105811,-7935825,0,-10,0,6157
29,453.125,-16913,-180877,128916167,133601097836,23237,24702,121994,-178721210,-11,-55,605,6762
30,468.75,86849,145957,112680448,243333739116,26780,24256,111766,282097384,17,-68,-1156,5606
31,484.375,-89835,162853,135122761,324893975031,28489,22380,126034,769941706,46,-28,-1288,4318
32,500.0,-52848,-378888,571675889,127521023882,22964,20983,102276,202608756,12,-40,-480,3838
33,515.625,175062,327296,538161623,87892707008,20762,20064,93172,65034056,4,-57,-228,3610
34,531.25,-149425,-272748,377809774,78357245160,20083,20262,93117,-16667943,-1,-101,101,3711
35,546.875,110558,186703,183910475,92659122161,21074,21476,77639,-31210878,-2,-4,8,3719
36,562.5,-256259,-6982,256708685,142859220193,23633,20630,86993,261239979,16,16,256,3975
37,578.125,276960,-213167,477136764,481316744641,30813,20055,86264,928028112,55,-21,-1155,2820
38,593.75,-10232,339693,451156360,365629111673,29189,19796,80873,759640089,45,-11,-495,2325
39,609.375,-61090,-348838,489921634,113303564298,22265,19219,81495,248233770,15,5,75,2400
40,625.0,-12474,78167,24475315,70481588846,19459,17839,77621,125746020,7,36,252,2652
41,640.625,225394,158878,297049508,64944520397,18976,17248,93701,161915328,10,28,280,2932
42,656.25,-388593,-38779,595735666,73856554229,19734,17621,95283,201332979,12,-9,-108,2824
43,671.875,197436,61883,167228437,68132798268,19259,18389,87367,76009290,5,10,50,2874
44,687.5,-185987,-229745,341304411,55093572239,18002,18311,76822,-23737998,-1,49,-49,2825
45,703.125,313315,192607,528374007,62893963916,18786,18043,75256,55915208,3,27,81,2906
46,718.75,-173116,73397,138110426,55656313928,18063,16877,86379,102445494,6,-4,-24,2882
47,734.375,62871,-200033,171742046,59208069885,18429,16699,90344,156295120,9,-46,-414,2468
48,750.0,-106893,55706,56754968,55881392052,18088,16551,83776,128763712,8,-3,-24,2444
49,765.625,113790,-80412,75836929,61176484639,18623,16098,70027,176818175,11,18,198,2642
50,781.25,-108328,21695,47678237,81705780063,20331,15994,68565,297366405,18,16,288,2930
51,796.875,45343,195892,157928372,129799745836,23069,16310,67096,453501864,27,19,513,3443
52,812.5,25026,-180747,130061635,180524720842,25018,16674,61268,511220192,30,14,420,3863
53,828.125,-46547,246943,246669799,136253481064,23355,16019,64170,470751120,28,11,308,4171
54,843.75,21625,-399926,626595493,78900328285,20124,15358,74297,354099502,21,24,504,4675
55,859.375,-14584,324513,412192892,34046629636,15160,15313,79248,-12124944,-1,-4,4,4679
56,875.0,-16233,-244950,235406300,21178645302,12354,15235,82885,-238791685,-14,-22,308,4987
57,890.625,170367,215524,294826208,31913931322,14778,15982,73613,-88630052,-5,19,-95,4892
58,906.25,-206494,-60053,180648964,32221258205,14834,15872,63632,-66050016,-4,15,-60,4832
59,921.875,115377,-86905,81501294,22888379182,12813,14823,61973,-124565730,-7,25,-175,4657
60,937.5,-68464,47228,27022669,19357858964,11820,14740,62354,-182073680,-11,17,-187,4470
61,953.125,-23200,61430,16843300,18015601067,11395,14471,64000,-196864000,-12,13,-156,4314
62,968.75,85761,-178155,152711536,21589796341,12465,14270,66128,-119361040,-7,19,-133,4181
63,984.375,-3805,270895,286713199,32706401332,14922,14352,61700,35169000,2,5,10,4191
64,1000.0,15074,-97955,38368779,37107750441,15665,14579,57708,62670888,4,-8,-32,4159
65,1015.625,-49945,-142397,88950815,26740047543,13730,14179,51864,-23286936,-1,3,-3,4156
66,1031.25,-37703,76247,28262192,22251560655,12646,13983,55195,-73795715,-4,23,-92,4064
67,1046.875,50946,74678,31923041,19618049094,11902,13829,69821,-134545067,-8,33,-264,3800
68,1062.5,53006,-21490,12779126,23303711257,12921,13377,73283,-33417048,-2,16,-32,3768
69,1078.125,-64501,14348,17055641,27802418341,13963,13811,65005,9880760,1,-15,-15,3753
70,1093.75,-1122,-129559,65573412,23759223037,13034,14011,59109,-57749493,-3,7,-21,3732
71,1109.375,57242,70176,32036397,22620366783,12743,13763,52183,-53226660,-3,29,-87,3645
72,1125.0,-55550,120846,69099837,27520716807,13902,13705,44988,8862636,1,30,30,3675
73,1140.625,-10874,-217669,185539209,23102772896,12869,13491,50009,-31105598,-2,31,-62,3613
74,1156.25,35586,152241,95483146,16943684409,11035,13289,77413,-174488902,-10,29,-290,3323
75,1171.875,-55429,-11748,12540584,14758445433,10220,14403,103236,-431836188,-26,-5,130,3453
76,1187.5,26197,-94523,37581564,13872115797,9853,15769,81135,-479994660,-29,-9,261,3714
77,1203.125,48852,95933,45272103,12288216307,9135,14203,86785,-439826380,-26,-28,728,4442
78,1218.75,-41940,27948,9922087,13769248222,9810,12640,89271,-252636930,-15,-47,705,5147
79,1234.375,36068,-107243,50007663,13331655712,9619,11887,96422,-218685096,-13,-22,286,5433
80,1250.0,-31149,-2429,3813126,12669705633,9318,11902,84040,-217159360,-13,-7,91,5524
81,1265.625,-33631,55214,16326680,17469749569,11216,11349,84297,-11211501,-1,-12,12,5536
82,1281.25,-32090,46158,12345035,48307150054,17226,11266,81842,487778320,29,7,203,5739
83,1296.875,154576,-75340,115507248,32566173821,14898,11700,75106,240188988,14,8,112,5851
84,1312.5,-49214,3114,9498886,20012319853,12017,10506,77405,116958955,7,20,140,5991
85,1328.125,-72224,53313,31478837,12145124917,9066,10732,70464,-117393024,-7,21,-147,5844
86,1343.75,15995,-60498,15296281,11873084995,8934,11471,68383,-173487671,-10,17,-170,5674
87,1359.375,30780,125571,65294861,14411162223,10077,10878,72866,-58365666,-3,1,-3,5671
88,1375.0,-33518,-215028,185001942,11829577704,8913,10885,76466,-150790952,-9,-11,99,5770
89,1390.625,60138,141996,92888449,14177679436,9984,11242,81915,-103049070,-6,-22,132,5902
90,1406.25,-83295,39350,33150311,29212730847,14255,12020,93550,209084250,12,-17,-204,5698
91,1421.875,51004,-138989,85622461,29033643531,14218,10984,85162,275413908,16,-7,-112,5586
92,1437.5,12427,173314,117938175,17317124732,11165,10651,67416,34651824,2,-1,-2,5584
93,1453.125,-91083,-148036,118010821,12844452093,9400,10788,67939,-94299332,-6,1,-6,5578
94,1468.75,155303,557,94216141,12594798413,9283,9973,79392,-54780480,-3,18,-54,5524
95,1484.375,-90304,72565,52423795,10937594916,8447,10261,69524,-126116536,-8,26,-208,5316
96,1500.0,-24838,-26401,5132574,9268107109,7468,10285,65789,-185327613,-11,31,-341,4975
97,1515.625,52387,61404,25448629,11491914091,8739,9340,72201,-43392801,-3,28,-84,4891
98,1531.25,-17058,-142585,80552569,26696869287,13723,9124,65797,302600403,18,8,144,5035
99,1546.875,-74002,163437,125734176,36022309508,15491,8987,68411,444945144,27,12,324,5359
100,1562.5,76537,-98641,60890466,37315286874,15702,8915,74883,508230921,30,14,420,5779
101,1578.125,4531,-16491,1142512,39670487417,16063,9041,76645,538201190,32,7,224,6003
102,1593.75,4836,35157,4919537,15067584785,10343,9386,77207,73887099,4,-7,-28,5975
103,1609.375,-48761,53954,20658864,8442680783,6918,9407,79657,-198266273,-12,-15,180,6155
104,1625.0,62869,-90264,47266019,8477076905,6945,9836,83906,-242572246,-14,-9,126,6281
105,1640.625,-28618,46972,11817807,8986657403,7288,10370,89756,-276627992,-16,-39,624,6905
106,1656.25,-15010,14147,1661866,7165911643,5950,9201,83317,-270863567,-16,-32,512,7417
107,1671.875,32256,-50087,13863895,6024757808,4925,8642,79929,-297096093,-18,-22,396,7813
108,1687.5,3236,80799,25542774,9540533963,7642,8787,74742,-85579590,-5,-3,15,7828
109,1703.125,-48198,-93822,43459433,10536548352,8230,8571,71473,-24372293,-1,6,-6,7822
110,1718.75,7959,56355,12653249,10466131990,8187,8373,72520,-13488720,-1,-19,19,7841
111,1734.375,28041,8984,3386758,8556021952,6997,8223,82148,-100713448,-6,-38,228,8069
112,1750.0,12536,-1255,620025,7641066485,6329,8106,86128,-153049456,-9,-29,261,8330
113,1765.625,-31185,-62741,19175536,16659995863,10937,7854,79340,244605220,15,-7,-105,8225
114,1781.25,-71565,65410,36718818,36251165715,15530,8284,71058,514886268,31,7,217,8442
115,1796.875,118149,-3640,54579827,46191233395,16961,9123,69845,547445110,33,10,330,8772
116,1812.5,-44635,-74532,29481649,61308152630,18636,8752,68711,679139524,40,7,280,9052
117,1828.125,2274,35133,4841792,53049641196,17782,8495,70982,659209834,39,4,156,9208
118,1843.75,7914,73118,21128411,34483556462,15232,8307,78811,545766175,33,9,297,9505
119,1859.375,-41561,-101950,47348122,10461100999,8187,8154,81934,2703822,0,21,0,9505
120,1875.0,74781,57795,34892422,5816658084,4716,7811,74543,-230710585,-14,0,0,9505
121,1890.625,-3485,27677,3039694,5504388884,4392,7638,68965,-223860390,-13,-7,91,9596
122,1906.25,-30324,-70118,22797183,5488010189,4373,7765,71311,-241886912,-14,1,-14,9582
123,1921.875,-67481,-8007,18038271,4739711764,3509,7473,72988,-289324432,-17,8,-136,9446
124,1937.5,113871,39184,56648400,5608230351,4503,7045,71037,-180576054,-11,6,-66,9380
125,1953.125,-64993,-3484,16547767,8406162988,6895,7121,65896,-14892496,-1,22,-22,9358
126,1968.75,-1000,35452,4913454,6748571704,5594,7275,66220,-111315820,-7,29,-203,9155
127,1984.375,48585,-13537,9936534,5039213177,3869,7444,67385,-240901375,-14,15,-210,8945
128,2000.0,-48454,-53030,20156137,4085653445,2631,7255,68613,-317266512,-19,0,0,8945
129,2015.625,-16577,37830,6663695,5162197939,4010,6807,66450,-185860650,-11,0,0,8945
130,2031.25,28376,30477,6773613,6038646045,4938,7029,62797,-131308527,-8,-3,24,8969
131,2046.875,65137,-44759,24399206,6240870464,5131,6840,62737,-107217533,-6,-6,36,9005
132,2062.5,-42765,-45195,15122786,15990108401,10694,6860,69680,267153120,16,-12,-192,8813
133,2078.125,-80053,87012,54607699,19473221577,11856,7175,72016,337106896,20,-18,-360,8453
134,2093.75,77503,-46144,31781187,7517548490,6234,7042,69594,-56231952,-3,-13,39,8492
135,2109.375,-2787,17299,1199308,5104565879,3947,6695,67006,-184132488,-11,-6,66,8558
136,2125.0,-37438,-41391,12167261,4211760669,2810,6410,66269,-238568400,-14,-2,28,8586
137,2140.625,58066,83082,40133903,3674252844,2005,6307,66580,-286427160,-17,-5,85,8671
138,2156.25,-11452,-31673,4430966,3995295083,2499,6330,65258,-250003398,-15,7,-105,8566
139,2171.875,-75051,-31611,25905890,3745700802,2118,6480,62827,-274051374,-16,14,-224,8342
140,2187.5,78188,40939,30427207,3318780324,1401,6405,65124,-325880496,-19,10,-190,8152
141,2203.125,-6543,-31361,4009075,3127397306,1051,6229,64338,-333142164,-20,4,-80,8072
142,2218.75,-30715,2885,3717713,3162745783,1118,6265,60486,-311321442,-19,-12,228,8300
143,2234.375,-6070,-27979,3201833,3687602678,2025,6301,59738,-255439688,-15,-14,210,8510
144,2250.0,14631,47136,9515112,3416051839,1571,6104,59114,-267963762,-16,-11,176,8686
145,2265.625,23207,-25003,4545761,3047448628,899,5706,59810,-287506670,-17,-24,408,9094
146,2281.25,-12235,-5154,688511,3275015077,1322,5301,64928,-258348512,-15,-21,315,9409
147,2296.875,-4796,35803,5097095,3741715470,2111,5138,68973,-208781271,-12,-2,24,9433
148,2312.5,-31294,-13066,4492323,4576628354,3302,5052,72662,-127158500,-8,7,-56,9377
149,2328.125,46038,6683,8453750,8620996522,7040,4776,70492,159593888,10,-4,-40,9337
150,2343.75,-41488,-22131,8636857,9635854782,7698,4648,68060,207583000,12,-9,-108,9229
151,2359.375,51724,3035,10486654,6584790471,5449,4994,67347,30642885,2,-4,-8,9221
152,2375.0,-36483,43592,12622155,7185721712,5967,5262,66191,46664655,3,7,21,9242
153,2390.625,3834,-41540,6797934,5456489220,4337,4948,67435,-41202785,-2,-7,14,9256
154,2406.25,16770,-1490,1107238,5011414768,3835,4329,68170,-33675980,-2,-12,24,9280
155,2421.875,-45784,-13747,8926385,3481002982,1682,4302,65088,-170530560,-10,-25,250,9530
156,2437.5,81150,63424,41437212,3086672778,971,4385,62996,-215068344,-13,-21,273,9803
157,2453.125,-77741,-60469,37891262,4975715750,3795,4246,64611,-29139561,-2,-32,64,9867
158,2468.75,11886,18505,1889500,5074330534,3908,4482,67978,-39019372,-2,-25,50,9917
159,2484.375,30092,1487,3545858,2737818954,264,4279,68955,-276854325,-17,-19,323,10240
160,2500.0,5338,37871,5713699,2620937365,5,4233,67274,-284434472,-17,-14,238,10478
161,2515.625,-20725,-54460,13263349,2795710473,389,4258,67112,-259656328,-15,-1,15,10493
162,2531.25,26605,-38092,8432916,3196527235,1181,4089,66666,-193864728,-12,2,-24,10469
163,2546.875,-54312,90945,43831197,3233826975,1250,3877,65510,-172094770,-10,5,-50,10419
164,2562.5,10362,-39803,6608007,3247817936,1273,3840,64691,-166061797,-10,12,-120,10299
165,2578.125,16445,21499,2861895,3129262333,1055,4057,65350,-196180700,-12,7,-84,10215
166,2593.75,29212,-24081,5598576,4129382115,2695,4187,66907,-99825244,-6,7,-42,10173
167,2609.375,-22289,6134,2087600,4016251615,2530,3929,65036,-90985364,-5,0,0,10173
168,2625.0,-7754,-13175,912911,3208300906,1200,3540,63466,-148510440,-9,4,-36,10137
169,2640.625,-7693,27193,3119693,4129559460,2695,3382,64178,-44090286,-3,3,-9,10128
170,2656.25,24373,-20761,4004149,5667002195,4565,3582,65066,63959878,4,6,24,10152
171,2671.875,-11727,-18957,1940978,4291864936,2921,3633,63284,-45058208,-3,8,-24,10128
172,2687.5,-20057,29793,5038696,3486179143,1693,3844,64611,-138978261,-8,-2,16,10144
173,2703.125,18397,-7578,1546389,3386271831,1520,4196,66968,-179206368,-11,-5,55,10199
174,2718.75,26914,5175,2934156,3978786831,2474,4527,66285,-136083105,-8,8,-64,10135
175,2734.375,-46468,-28727,11658264,4741773751,3509,4846,66431,-88818247,-5,17,-85,10050
176,2750.0,44884,1000,7873334,3348651866,1453,4676,66509,-214358507,-13,16,-208,9842
177,2765.625,-46763,55968,20778106,2365095598,-603,4317,67859,-333866280,-20,3,-60,9782
178,2781.25,26264,-15479,3630458,2697147595,177,4185,72113,-289028904,-17,1,-17,9765
179,2796.875,-6220,-48775,9444098,2418313401,-468,4135,71377,-328548331,-20,2,-40,9725
180,2812.5,39049,44731,13772214,1851605422,-2048,4025,69506,-422109938,-25,-9,225,9950
181,2828.125,-40863,-22109,8432003,1900814947,-1892,3931,68136,-396755928,-24,-11,264,10214
182,2843.75,3395,-28,45027,2698980589,177,3659,66877,-232865714,-14,-6,84,10298
183,2859.375,-11490,-1649,526325,5692822627,4591,3481,67549,74979390,4,2,8,10306
184,2875.0,15279,14681,1753827,4059742221,2592,3507,67600,-61854000,-4,10,-40,10266
185,2890.625,13186,15368,1601742,2668215913,113,3318,63713,-204200165,-12,-4,48,10314
186,2906.25,-41000,-14868,7429912,2625620272,14,3157,62649,-196905807,-12,4,-48,10266
187,2921.875,48198,-25759,11666302,2875600846,555,3010,63683,-156341765,-9,13,-117,10149
188,2937.5,-37162,35302,10262678,2493737407,-286,2892,63892,-203048776,-12,0,0,10149
189,2953.125,22574,-20924,3700778,2733222125,255,3159,64937,-188577048,-11,-12,132,10281
190,2968.75,22023,594,1895958,2755952217,305,3150,62857,-178828165,-11,-11,121,10402
191,2984.375,-49659,9966,10020849,2211774484,-998,3006,62300,-249449200,-15,-11,165,10567
192,3000.0,15833,-566,980485,4418685399,3092,3231,62910,-8744490,-1,1,-1,10566
193,3015.625,-5396,-28290,3240004,9102544742,7365,3149,61591,259667656,15,5,75,10641
194,3031.25,16089,53242,12084244,6124908277,5023,2705,63328,146794304,9,5,45,10686
195,3046.875,4849,-40641,6543764,2755084221,300,2528,63476,-141424528,-8,9,-72,10614
196,3062.5,12663,22471,2598818,2807970164,411,2200,61043,-109205927,-7,7,-49,10565
197,3078.125,-42205,-14324,7759527,2094937374,-1318,1992,61567,-203786770,-12,5,-60,10505
198,3093.75,5508,9607,479033,2079311211,-1363,1888,61804,-200924804,-12,2,-24,10481
199,3109.375,9294,-5785,468143,2415855709,-478,1715,61109,-134012037,-8,3,-24,10457
200,3125.0,15168,163,898808,1933830596,-1789,1607,62400,-211910400,-13,-3,39,10496
201,3140.625,-922,3941,63990,1534540585,-3157,1752,63839,-313385651,-19,-14,266,10762
202,3156.25,-11264,-5196,601079,1543613452,-3120,1845,64541,-320446065,-19,-22,418,11180
203,3171.875,-33003,-2420,4277556,1657961845,-2698,1671,64107,-280083483,-17,-21,357,11537
204,3187.5,43977,-4632,7638406,1617831067,-2846,1862,66295,-312116860,-19,-12,228,11765
205,3203.125,-6045,7033,335957,1630194003,-2800,2103,67702,-331942906,-20,-9,180,11945
206,3218.75,8519,16905,1399814,1491471908,-3325,1988,66223,-351842799,-21,-5,105,12050
207,3234.375,-29380,-26444,6103397,1609556574,-2877,1754,66477,-307854987,-18,-4,72,12122
208,3250.0,20119,35921,6621455,1955519880,-1725,1776,68944,-241372944,-14,-7,98,12220
209,3265.625,4180,-6233,220011,2404026704,-504,1626,66454,-141547020,-8,-2,16,12236
210,3281.25,-30922,-36024,8804292,3611314405,1902,2531,58581,-36847449,-2,-14,28,12264
211,3296.875,27127,20359,4493606,3121458181,1039,2237,60201,-72120798,-4,-5,20,12284
212,3312.5,-382,-24373,2321051,2172050069,-1106,1178,63044,-143992496,-9,6,-54,12230
213,3328.125,-10248,37123,5793510,2641279565,52,709,62631,-41148567,-2,7,-14,12216
214,3343.75,-351,-1669,11362,1716187182,-2496,574,65086,-199814020,-12,4,-48,12168
215,3359.375,4280,-32365,4163327,2002812763,-1581,637,64119,-142215942,-8,9,-72,12096
216,3375.0,4149,25216,2551019,2396458422,-525,823,64388,-86795024,-5,-5,25,12121
217,3390.625,4057,-4965,160588,2200318122,-1026,850,62841,-117889716,-7,-10,70,12191
218,3406.25,-7929,14281,1042250,2622790347,9,771,61611,-46947582,-3,-10,30,12221
219,3421.875,6066,-15840,1123836,3588131227,1861,781,61509,66429720,4,-14,-56,12165
220,3437.5,-1251,-20271,1611244,3085124161,971,828,60295,8622185,1,-3,-3,12162
221,3453.125,-9030,33619,4733508,2616089825,-5,822,60191,-49777957,-3,-3,9,12171
222,3468.75,24483,-18115,3623322,2551912336,-153,720,61028,-53277444,-3,0,0,12171
223,3484.375,-19167,5350,1546861,1892785923,-1915,610,60020,-151550500,-9,5,-45,12126
224,3500.0,-2326,903,24319,1777557418,-2287,406,59906,-161326858,-10,11,-110,12016
225,3515.625,-19263,6122,1595867,1870611030,-1988,364,59723,-140468496,-8,18,-144,11872
226,3531.25,24285,-11226,2796032,1929155626,-1805,154,60955,-119410845,-7,24,-168,11704
227,3546.875,31850,-4545,4043279,1837107715,-2091,199,61580,-141018200,-8,2,-16,11688
228,3562.5,-47442,13139,9466315,1893759486,-1912,296,59472,-131314176,-8,-10,80,11768
229,3578.125,13772,-23363,2873038,1664385057,-2676,-57,60178,-157606182,-9,-9,81,11849
230,3593.75,-9941,23326,2511429,1917264555,-1841,100,60831,-118072971,-7,-8,56,11905
231,3609.375,19468,-22580,3472107,1704608952,-2536,243,59845,-166309255,-10,4,-40,11865
232,3625.0,607,30513,3638327,1893453134,-1915,265,60070,-130952600,-8,7,-56,11809
233,3640.625,-26702,-18654,4144408,1655091911,-2710,266,61612,-183357312,-11,2,-22,11787
234,3656.25,36315,11848,5699822,1493707033,-3316,307,62456,-226278088,-13,13,-169,11618
235,3671.875,-28224,-10781,3565719,1159631390,-4815,163,62282,-310039796,-18,14,-252,11366
236,3687.5,1383,-9893,389782,1251020048,-4362,99,62206,-277500966,-17,17,-289,11077
237,3703.125,7269,40134,6498345,1812560240,-2173,52,62482,-139022450,-8,26,-208,10869
238,3718.75,-9016,-56117,12618773,1631820395,-2793,-336,60980,-149827860,-9,24,-216,10653
239,3734.375,35811,58079,18185930,1455944747,-3468,-511,62426,-184593682,-11,-1,11,10664
240,3750.0,-48796,-41181,15925486,1456882887,-3463,-138,64648,-214954600,-13,-9,117,10781
241,3765.625,35666,3720,5023055,1660181062,-2691,89,66671,-185345380,-11,-21,231,11012
242,3781.25,-31568,23291,6011755,1745468551,-2396,-48,66275,-155613700,-9,-9,81,11093
243,3796.875,12385,-13281,1288177,1426666575,-3588,149,67824,-253458288,-15,-13,195,11288
244,3812.5,30125,9491,3896854,1245354166,-4392,116,70540,-317994320,-19,-11,209,11497
245,3828.125,-25399,-18112,3801382,1494760198,-3312,177,70723,-246752547,-15,-1,15,11512
246,3843.75,3013,-3290,77743,2032142990,-1495,270,69280,-122279200,-7,6,-42,11470
247,3859.375,-13173,19498,2162890,2488529392,-301,78,67476,-25573404,-2,6,-12,11458
248,3875.0,18039,-9242,1604766,1965791440,-1694,-197,64251,-96183747,-6,4,-24,11434
249,3890.625,-8260,4894,360074,1733633719,-2435,-589,62560,-115485760,-7,9,-63,11371
250,3906.25,15822,-17791,2214279,1888540503,-1928,-1008,61348,-56440160,-3,-1,3,11374
251,3921.875,-30546,35835,8660958,2595413222,-52,-1341,60830,78409870,5,-9,-45,11329
252,3937.5,14278,-19390,2264974,2225797213,-959,-1408,61020,27397980,2,-11,-22,11307
253,3953.125,-1664,-3532,59547,1866961239,-1998,-1407,63117,-37302147,-2,-10,20,11327
254,3968.75,5533,6219,270664,1910965360,-1860,-1363,64223,-31918831,-2,-11,22,11349
255,3984.375,3518,-6479,212319,1805548405,-2197,-1287,63807,-58064370,-3,-10,30,11379
256,4000.0,-4992,-1536,106560,928344419,-6127,-1211,63132,-310356912,-18,-10,180,11559
257,4015.625,-27804,-6007,3160728,887361277,-6393,-1526,62587,-304610929,-18,-11,198,11757
258,4031.25,47247,9827,9097066,1163680427,-4794,-1674,62249,-194216880,-12,-12,144,11901
259,4046.875,-14301,2348,820436,1330553750,-4002,-1629,62032,-147201936,-9,-12,108,12009
260,4062.5,-37189,-18811,6784670,1836289463,-2095,-1625,61037,-28687390,-2,-1,2,12011
261,4078.125,51593,22040,12295310,1225342379,-4487,-1623,60151,-172272464,-10,4,-40,11971
262,4093.75,-15606,4658,1036110,983278132,-5787,-1686,60759,-249172659,-15,-8,120,12091
263,4109.375,-10517,-12907,1082804,1295471694,-4158,-1893,62032,-140502480,-8,-5,40,12131
264,4125.0,7699,2259,251475,2456566938,-376,-1903,61579,94031133,6,-3,-18,12113
265,4140.625,-1267,413,6937,2867929754,538,-1791,62228,144929012,9,-11,-99,12014
266,4156.25,6371,10747,609717,2039715241,-1474,-1730,62492,15997952,1,-13,-13,12001
267,4171.875,-8479,-6373,439487,1285509266,-4206,-1844,61706,-145749572,-9,-12,108,12109
268,4187.5,-4905,-13214,776050,1500295865,-3292,-1838,61259,-89070586,-5,-11,55,12164
269,4203.125,18694,-1610,1375226,1260162392,-4323,-1646,63166,-169095382,-10,-13,130,12294
270,4218.75,-17938,31370,5100972,1059967215,-5343,-1915,62789,-215240692,-13,-12,156,12450
271,4234.375,15931,-27770,4003788,1251777817,-4362,-2148,61207,-135512298,-8,-3,24,12474
272,4250.0,-19500,14478,2304150,1795423323,-2228,-2213,61917,-928755,0,7,0,12474
273,4265.625,1671,-19500,1496259,1229921329,-4467,-2224,62681,-140593483,-8,12,-96,12378
274,4281.25,15171,15624,1852612,985846207,-5771,-2395,62122,-209723872,-13,15,-195,12183
275,4296.875,-13711,944,737823,1217216436,-4528,-2560,63125,-124230000,-7,9,-63,12120
276,4312.5,18750,-9082,1695489,1169463105,-4762,-2310,63016,-154515232,-9,18,-162,11958
277,4328.125,-18839,1939,1401045,1318577557,-4054,-2131,62279,-119762517,-7,20,-140,11818
278,4343.75,-679,2858,33708,1175651549,-4730,-2162,62238,-159827184,-10,-2,20,11838
279,4359.375,24549,320,2354515,1311470786,-4087,-2105,62230,-123339860,-7,-8,56,11894
280,4375.0,-29664,1009,3441293,1355346367,-3891,-1612,62286,-141949794,-8,12,-96,11798
281,4390.625,15328,-7753,1152565,987014797,-5765,-1580,63420,-265412700,-16,12,-192,11606
282,4406.25,-9195,3702,383800,1254729271,-4347,-1858,65721,-163579569,-10,-3,30,11636
283,4421.875,19001,-34,1410309,1369912097,-3828,-1576,66447,-149638644,-9,-14,126,11762
284,4437.5,-26998,-346,2847702,989300640,-5752,-1421,64821,-280739751,-17,2,-34,11728
285,4453.125,25083,12241,3042965,729923574,-7547,-1702,63138,-369041610,-22,1,-22,11706
286,4468.75,-26557,-12324,3348263,754370878,-7355,-1740,62534,-351128410,-21,3,-63,11643
287,4484.375,17291,6753,1346022,746660257,-7412,-1877,61680,-341398800,-20,4,-80,11563
288,4500.0,2068,-5563,137592,671809383,-8038,-2315,60085,-343866455,-20,-1,20,11583
289,4515.625,48,-16911,1117126,727119646,-7572,-2617,60226,-298419830,-18,10,-180,11403
290,4531.25,-14512,11955,1380938,1989720312,-1622,-2702,61003,65883240,4,12,48,11451
291,4546.875,14538,7356,1036969,2253434529,-887,-2810,60561,116458803,7,17,119,11570
292,4562.5,-3628,6076,195626,1059139537,-5346,-2727,59484,-155788596,-9,9,-81,11489
293,4578.125,-5549,-17791,1356684,719603202,-7632,-2256,60040,-322775040,-19,-9,171,11660
294,4593.75,3608,18304,1359586,555134898,-9168,-2484,58917,-393801228,-23,-6,138,11798
295,4609.375,7714,-1080,237001,474463756,-10094,-2775,59366,-434499754,-26,-5,130,11928
296,4625.0,-32563,-910,4145223,848649028,-6658,-2923,60515,-226023525,-13,-1,13,11941
297,4640.625,52699,-23061,12925759,840312015,-6716,-2844,60626,-234743872,-14,-3,42,11983
298,4656.25,-27052,24098,5127048,870234492,-6510,-2603,60629,-236877503,-14,4,-56,11927
299,4671.875,2794,-29209,3363172,792670983,-7062,-2738,59370,-256715880,-15,6,-90,11837
300,4687.5,-5133,32897,4330314,839466000,-6720,-3138,59360,-212627520,-13,8,-104,11733
301,4703.125,801,-6740,179958,770317278,-7229,-3211,58941,-236824938,-14,4,-56,11677
302,4718.75,-3789,-13714,790743,841922675,-6705,-3057,57448,-209570304,-12,12,-144,11533
303,4734.375,10409,19412,1895207,583433147,-8874,-3108,58140,-335235240,-20,15,-300,11233
304,4750.0,976,-20621,1664759,477101311,-10062,-3544,58093,-378650174,-23,5,-115,11118
305,4765.625,-5514,21927,1996865,563695044,-9074,-3805,56650,-298488850,-18,2,-36,11082
306,4781.25,-8898,-16889,1423487,571123941,-8997,-3785,56110,-292445320,-17,-1,17,11099
307,4796.875,4810,13822,836655,569953509,-9008,-3796,58223,-303458276,-18,-5,90,11189
308,4812.5,15903,-7160,1188168,716955422,-7654,-3715,60028,-236450292,-14,-6,84,11273
309,4828.125,-4566,22695,2093404,807048892,-6953,-3515,60032,-206390016,-12,-10,120,11393
310,4843.75,-9408,-57008,13040713,591459700,-8789,-3303,60335,-330997810,-20,6,-120,11273
311,4859.375,-11199,22396,2449213,581809734,-8890,-3167,61350,-351106050,-21,9,-189,11084
312,4875.0,20737,51257,11942591,501871638,-9761,-3201,60738,-398441280,-24,10,-240,10844
313,4890.625,-813,-48472,9180452,549235074,-9230,-3485,59977,-344567865,-21,14,-294,10550
314,4906.25,-18139,3537,1334116,645534218,-8273,-3634,59292,-275055588,-16,-2,32,10582
315,4921.875,29049,17132,4442773,647344188,-8259,-3817,58742,-260931964,-16,-1,16,10598
316,4937.5,-38263,-19501,7204477,754002959,-7355,-3933,56602,-193692044,-12,-3,36,10634
317,4953.125,19520,333,1488833,577399963,-8933,-4018,56517,-277781055,-17,-2,34,10668
318,4968.75,15694,7736,1195888,568169299,-9030,-3958,58026,-294307872,-18,8,-144,10524
319,4984.375,-14686,-1078,847034,853735948,-6621,-3684,59151,-173726487,-10,8,-80,10444
320,5000.0,19821,1025,1538760,778269998,-7169,-3699,59011,-204768170,-12,9,-108,10336
321,5015.625,-21763,3697,1903500,597261285,-8732,-3643,59170,-301116130,-18,-2,36,10372
322,5031.25,-12373,-9788,972250,676224760,-8001,-3622,59685,-261360615,-16,-3,48,10420
323,5046.875,30236,13024,4233751,837068866,-6739,-3607,57531,-180187092,-11,-9,99,10519
324,5062.5,-26994,-19060,4265467,951774641,-5979,-3459,55412,-139638240,-8,-10,80,10599
325,5078.125,22201,20592,3581699,876300604,-6467,-3422,54510,-165982950,-10,5,-50,10549
326,5093.75,-19473,1889,1495180,1135391438,-4939,-3538,54359,-76156959,-5,13,-65,10484
327,5109.375,8716,-13099,967002,1412284515,-3649,-3699,54343,2717150,0,5,0,10484
328,5125.0,3186,3177,79078,601686676,-8691,-3837,53737,-260839398,-16,-3,48,10532
329,5140.625,-6282,10614,594221,467501983,-10180,-3878,52147,-328630394,-20,-11,220,10752
330,5156.25,-3652,-26539,2803342,553294818,-9185,-4141,51980,-262187120,-16,-3,48,10800
331,5171.875,7085,20864,1896499,555373299,-9162,-4504,52873,-246282434,-15,6,-90,10710
332,5187.5,-8679,-527,295323,519803699,-9555,-4790,54325,-258858625,-15,16,-240,10470
333,5203.125,19155,-14818,2290965,584073892,-8863,-4916,55695,-219828165,-13,8,-104,10366
334,5218.75,-15413,15280,1839996,889037556,-6383,-4988,56699,-79095105,-5,4,-20,10346
335,5234.375,-3740,-17025,1186868,763222755,-7285,-5105,57480,-125306400,-7,5,-35,10311
336,5250.0,12184,8657,872631,829701963,-6791,-5203,56639,-89942732,-5,10,-50,10261
337,5265.625,-2957,-303,34514,1081354730,-5225,-5083,56432,-8013344,0,9,0,10261
338,5281.25,-6388,7064,354323,954959803,-5959,-4977,56054,-55045028,-3,6,-18,10243
339,5296.875,11652,-7285,737658,589741611,-8810,-4835,56384,-224126400,-13,-5,65,10308
340,5312.5,-9688,-79,366655,580374803,-8906,-4438,57855,-258496140,-15,-7,105,10413
341,5328.125,5581,-1111,126492,406482177,-11007,-4024,56476,-394371908,-24,-4,96,10509
342,5343.75,-1944,11811,559683,461550004,-10257,-3945,55892,-352790304,-21,-7,147,10656
343,5359.375,-3885,-19870,1601211,479088730,-10036,-4176,55945,-327837700,-20,-3,60,10716
344,5375.0,3300,18646,1400638,367836588,-11596,-4379,55026,-397122642,-24,9,-216,10500
345,5390.625,1587,-14634,846377,545128238,-9275,-4698,54740,-250544980,-15,10,-150,10350
346,5406.25,-757,9444,350634,638720710,-8336,-4864,55649,-193213328,-12,5,-60,10290
347,5421.875,-7969,-660,249768,460468110,-10270,-4993,55883,-294894591,-18,-3,54,10344
348,5437.5,18057,2101,1290896,424521817,-10750,-5131,55004,-309067476,-18,-10,180,10524
349,5453.125,-11187,-9438,836816,631306639,-8404,-5192,54307,-174434084,-10,-2,20,10544
350,5468.75,-2631,12704,657476,503124987,-9745,-5274,54689,-244514519,-15,-4,60,10604
351,5484.375,9148,-9245,660765,382156833,-11373,-5337,54212,-327223632,-20,-9,180,10784
352,5500.0,-11778,-6139,689096,266480542,-13500,-5475,56301,-451815525,-27,-1,27,10811
353,5515.625,18427,15767,2297471,852431530,-6632,-5455,56306,-66272162,-4,9,-36,10775
354,5531.25,-20934,-14368,2518249,946419644,-6011,-5521,55691,-27288590,-2,8,-16,10759
355,5546.875,8471,12900,930343,721955329,-7611,-5421,55775,-122147250,-7,4,-28,10731
356,5562.5,-1119,-5970,144114,509603584,-9672,-5641,55993,-225707783,-13,-3,39,10770
357,5578.125,-844,6120,149089,580688979,-8900,-5888,55800,-168069600,-10,-7,70,10840
358,5593.75,-746,2570,27974,1151945108,-4853,-5733,54140,47643200,3,1,3,10843
359,5609.375,2090,-23888,2246112,561322658,-9101,-5702,54013,-183590187,-11,3,-33,10810
360,5625.0,3214,20983,1760219,668452771,-8070,-5720,55161,-129628350,-8,5,-40,10770
361,5640.625,2677,-2532,53037,624806607,-8468,-5709,55228,-152374052,-9,2,-18,10752
362,5656.25,773,179,2459,576148044,-8949,-5573,52681,-177851056,-11,0,0,10752
363,5671.875,-15277,-2950,945661,402498119,-11065,-5511,51993,-288769122,-17,-7,119,10871
364,5687.5,21104,2920,1773067,398963664,-11119,-5610,52557,-289536513,-17,-3,51,10922
365,5703.125,-26914,4836,2920900,466845178,-10190,-5767,52191,-230840793,-14,3,-42,10880
366,5718.75,37961,-12123,6203143,429380741,-10685,-6132,52308,-238158324,-14,17,-238,10642
367,5734.375,-26043,8088,2904897,579834079,-8911,-6396,52808,-132812120,-8,12,-96,10546
368,5750.0,-7069,10823,652766,516086212,-9596,-6636,52487,-155361520,-9,1,-9,10537
369,5765.625,20972,-19899,3264824,633890419,-8380,-6760,52497,-85045140,-5,-5,25,10562
370,5781.25,-16611,5309,1187933,562478619,-9090,-6766,52385,-121742740,-7,0,0,10562
371,5796.875,258,-1150,5426,595494000,-8753,-6850,54335,-103399505,-6,0,0,10562
372,5812.5,1600,-1524,19073,488375298,-9920,-6793,55614,-173904978,-10,-3,30,10592
373,5828.125,8102,7466,474155,276492701,-13286,-6820,54982,-355513612,-21,1,-21,10571
374,5843.75,-988,-4861,96115,558423235,-9129,-7060,54119,-111972211,-7,-4,28,10599
375,5859.375,-1424,4834,99201,451327577,-10389,-7426,54181,-160538303,-10,-13,130,10729
376,5875.0,4011,4222,132474,354642210,-11815,-7384,54117,-239792427,-14,-16,224,10953
377,5890.625,-6764,-25689,2756549,319782747,-12427,-7343,53780,-273417520,-16,-10,160,11113
378,5906.25,-8775,26344,3011746,611334654,-8594,-7449,54801,-62747145,-4,-3,12,11125
379,5921.875,9214,-2485,355754,689797489,-7883,-7568,55204,-17389260,-1,4,-4,11121
380,5937.5,18583,-19629,2854006,708912570,-7719,-7536,54574,-9987042,-1,3,-3,11118
381,5953.125,-27704,17368,4176402,670940973,-8047,-7498,53493,-29367657,-2,5,-10,11108
382,5968.75,7981,-5513,367537,671686947,-8038,-7257,54138,-42281778,-3,-1,3,11111
383,5984.375,-4263,2576,96910,608336429,-8624,-7234,54743,-76092770,-5,-12,60,11171
384,6000.0,16711,-551,1092036,387083104,-11296,-7262,54342,-219215628,-13,-9,117,11288
385,6015.625,-12530,-17914,1866845,279252005,-13225,-7333,52513,-309406596,-18,-5,90,11378
386,6031.25,-1356,27702,3004842,296560203,-12870,-7252,52308,-293866344,-18,-11,198,11576
387,6046.875,-2708,-9977,417476,292153876,-12959,-6792,53975,-332863825,-20,-3,60,11636
388,6062.5,8559,-5774,416389,239246639,-14138,-5588,48758,-416880900,-25,11,-275,11361
389,6078.125,-2747,6856,213089,220059705,-14634,-4357,41411,-425580847,-25,6,-150,11211
390,6093.75,-11976,-3803,616748,205883484,-15028,-3430,40598,-470855604,-28,13,-364,10847
391,6109.375,26244,1660,2701184,207347140,-14986,-2898,40220,-486179360,-29,17,-493,10354
392,6125.0,-22733,1056,2023064,301116493,-12782,-3158,40942,-394025808,-23,10,-230,10124
393,6140.625,8049,-580,254386,303232288,-12741,-3830,42841,-381756151,-23,1,-23,10101
394,6156.25,-193,-5889,135616,378953583,-11422,-4711,45885,-307934235,-18,-1,18,10119
395,6171.875,247,4206,69342,347420338,-11934,-5325,46792,-309248328,-18,-3,54,10173
396,6187.5,2702,11473,542697,303972953,-12725,-5616,45778,-325435802,-19,1,-19,10154
397,6203.125,-3908,-9737,430006,496374311,-9826,-5802,45832,-184427968,-11,11,-121,10033
398,6218.75,3887,-2325,80134,550616852,-9213,-6000,45051,-144748863,-9,18,-162,9871
399,6234.375,-4887,693,95168,361446996,-11702,-5918,42014,-243008976,-14,7,-98,9773
400,6250.0,6065,-1744,155569,518896256,-9564,-5774,40815,-154688850,-9,1,-9,9764
401,6265.625,-3978,7605,287736,360054648,-11724,-5982,40169,-230650398,-14,-2,28,9792
402,6281.25,-2123,-4941,112971,452773895,-10368,-5906,39131,-174602522,-10,-3,30,9822
403,6296.875,-4951,1343,102797,431768993,-10649,-5692,37786,-187305202,-11,-2,22,9844
404,6312.5,16302,-7710,1270310,340562943,-12051,-5874,37297,-230383569,-14,-3,42,9886
405,6328.125,-4997,5550,217861,233131210,-14292,-5961,37650,-313662150,-19,-4,76,9962
406,6343.75,-9150,5504,445377,224658904,-14509,-5964,37898,-323838410,-19,3,-57,9905
407,6359.375,12503,-11338,1112794,267785999,-13471,-5960,36537,-274429407,-16,-3,48,9953
408,6375.0,-11561,17598,1731822,282255830,-13164,-5894,35505,-258121350,-15,-5,75,10028
409,6390.625,7121,-24762,2593224,206632546,-15005,-5918,35828,-325569036,-19,-6,114,10142
410,6406.25,4240,21873,1939085,209904798,-14912,-6253,36845,-319040855,-19,-5,95,10237
411,6421.875,-9145,-5424,441605,269828114,-13428,-6468,37481,-260867760,-16,8,-128,10109
412,6437.5,-525,-2282,21419,195327086,-15337,-6679,37433,-324094914,-19,10,-190,9919
413,6453.125,1891,1871,27643,273065911,-13360,-6913,37822,-243838434,-15,-1,15,9934
414,6468.75,5448,-1835,129093,253957124,-13786,-7132,39325,-261668550,-16,-3,48,9982
415,6484.375,299,4554,81361,176570834,-15933,-7354,40521,-347629659,-21,-4,84,10066
416,6500.0,-10756,-4067,516531,187598779,-15575,-7464,40567,-329038937,-20,-4,80,10146
417,6515.625,3900,-3776,115110,138641225,-17366,-7605,40007,-390508327,-23,-5,115,10261
418,6531.25,-2056,10212,423875,216668904,-14723,-7792,41297,-286229507,-17,-2,34,10295
419,6546.875,3305,-8810,345856,126924198,-17885,-7911,42523,-424124402,-25,2,-50,10245
420,6562.5,-1962,4176,83158,173485829,-16039,-7849,42079,-344627010,-21,2,-42,10203
421,6578.125,8144,-3117,297033,215706684,-14752,-7701,41252,-290867852,-17,-3,51,10254
422,6593.75,-4895,7211,296717,323952192,-12350,-7782,41154,-187991472,-11,-1,11,10265
423,6609.375,-570,-8718,298158,283536597,-13137,-8072,41777,-211600505,-13,-1,13,10278
424,6625.0,3818,2824,88094,332857063,-12189,-8213,42620,-169457120,-10,-2,20,10298
425,6640.625,-6040,6602,312766,313199714,-12549,-8429,42753,-176142360,-10,-1,10,10308
426,6656.25,2311,-14662,860605,201215080,-15161,-8659,43249,-281204998,-17,1,-17,10291
427,6671.875,720,8747,300892,228229492,-14417,-8922,43666,-239944670,-14,8,-112,10179
428,6687.5,4150,-4206,136379,285452197,-13099,-9118,45093,-179515233,-11,8,-88,10091
429,6703.125,-2031,2772,46129,231120881,-14342,-9134,45939,-239250312,-14,-2,28,10119
430,6718.75,-1704,6432,172946,182691784,-15734,-9164,46980,-308658600,-18,2,-36,10083
431,6734.375,-691,-9931,387118,255056110,-13762,-9189,47885,-218978105,-13,9,-117,9966
432,6750.0,-1580,-3844,67472,338987497,-12079,-9250,48211,-136388919,-8,14,-112,9854
433,6765.625,3078,7948,283769,257769311,-13698,-9360,48429,-210085002,-13,6,-78,9776
434,6781.25,855,5848,136446,152220433,-16811,-9359,47278,-352315656,-21,5,-105,9671
435,6796.875,-7342,-14511,1033102,161316837,-16470,-9379,46418,-329150038,-20,6,-120,9551
436,6812.5,5841,11693,667358,147547114,-16997,-9390,45465,-345852255,-21,-1,21,9572
437,6828.125,-651,-3010,37046,107954797,-18841,-9348,44723,-424555439,-25,-3,75,9647
438,6843.75,1708,3476,58593,119645188,-18234,-9323,44500,-396539500,-24,2,-48,9599
439,6859.375,-4954,-10738,546276,151501161,-16842,-9344,45248,-339269504,-20,-2,40,9639
440,6875.0,2167,9747,389453,204198161,-15077,-9383,45531,-259253514,-15,2,-30,9609
441,6890.625,3312,-4536,123221,115464493,-18445,-9395,44584,-403485200,-24,1,-24,9585
442,6906.25,-2319,6278,174965,95245042,-19581,-9469,44413,-449104256,-27,-2,54,9639
443,6921.875,-5532,-1768,131753,142893329,-17184,-9665,44841,-337159479,-20,-3,60,9699
444,6937.5,2853,-5821,164155,139550729,-17327,-9905,45113,-334828686,-20,-1,20,9719
445,6953.125,1638,5714,138019,97238275,-19460,-9933,45195,-430572765,-26,6,-156,9563
446,6968.75,-3777,-5698,182551,108595151,-18805,-9722,44778,-406718574,-24,15,-360,9203
447,6984.375,5493,5775,248139,121236533,-18157,-9687,44464,-376610080,-22,14,-308,8895
448,7000.0,-8745,-2159,316939,97637587,-19437,-10007,45116,-425443880,-25,6,-150,8745
449,7015.625,8901,174,309602,88580677,-20011,-10170,44843,-441299963,-26,-2,52,8797
450,7031.25,-690,-2378,23949,89804761,-19929,-10161,44743,-437049624,-26,-3,78,8875
451,7046.875,-2675,3744,82708,84825177,-20266,-10168,43452,-438778296,-26,0,0,8875
452,7062.5,-3702,-5006,151425,78760509,-20707,-10336,43326,-449333946,-27,4,-108,8767
453,7078.125,8560,3345,329932,80278295,-20595,-10365,43410,-444084300,-26,7,-182,8585
454,7093.75,1823,601,14393,77760669,-20781,-10410,43141,-447415311,-27,3,-81,8504
455,7109.375,-3372,-6750,222394,90825534,-19864,-10262,42612,-409160424,-24,-6,144,8648
456,7125.0,-4746,10521,520375,78576711,-20722,-10268,42645,-445810830,-27,-9,243,8891
457,7140.625,7695,-4035,294899,91614499,-19814,-10273,42892,-409232572,-24,1,-24,8867
458,7156.25,-642,12,1611,95912327,-19541,-10325,42227,-389164032,-23,0,0,8867
459,7171.875,-8905,-1364,317029,70594517,-21351,-10458,41057,-447233901,-27,-3,81,8948
460,7187.5,8314,-479,270906,65490582,-21795,-10363,39937,-456559784,-27,2,-54,8894
461,7203.125,-4609,5387,196338,103065465,-19116,-10242,40100,-355847400,-21,3,-63,8831
462,7218.75,-3646,-7550,274593,93416119,-19696,-10146,39827,-380347850,-23,4,-92,8739
463,7234.375,5485,-100,117559,111209240,-18667,-10166,39469,-335525969,-20,5,-100,8639
464,7250.0,-3385,6822,226554,81583979,-20499,-10319,39525,-402364500,-24,-2,48,8687
465,7265.625,6888,-3936,245846,93646919,-19684,-10097,39275,-376529425,-22,-5,110,8797
466,7281.25,-3139,-1780,50866,89032874,-19981,-9977,38823,-388385292,-23,-10,230,9027
467,7296.875,52,-915,3281,85735077,-20203,-9994,38914,-397273026,-24,-11,264,9291
468,7312.5,2280,3816,77188,69295983,-21462,-10117,38857,-440832665,-26,2,-52,9239
469,7328.125,-7807,-594,239461,64566983,-21878,-10155,39101,-458381023,-27,-3,81,9320
470,7343.75,11446,585,513098,91246368,-19835,-10049,38556,-377309016,-22,5,-110,9210
471,7359.375,-5699,819,129490,135991361,-17478,-9933,37906,-286000770,-17,9,-153,9057
472,7375.0,1591,-962,13503,108276682,-18823,-9776,36831,-333210057,-20,-4,80,9137
473,7390.625,1647,1039,14813,142881736,-17184,-9881,36788,-268662764,-16,-1,16,9153
474,7406.25,-6993,-3920,251049,192921268,-15413,-9961,36935,-201369620,-12,5,-60,9093
475,7421.875,3269,9065,362737,204685106,-15062,-9828,37432,-195919088,-12,5,-60,9033
476,7437.5,3548,-10143,451050,149786512,-16909,-9828,37448,-265169288,-16,0,0,9033
477,7453.125,-6216,4891,244377,86720772,-20135,-10157,38345,-382606410,-23,-4,92,9125
478,7468.75,6933,-803,190279,98010444,-19413,-10248,38410,-352027650,-21,-1,21,9146
479,7484.375,-6234,-364,152325,83649867,-20349,-10298,38831,-390290381,-23,-8,184,9330
480,7500.0,935,-5675,129218,131842278,-17661,-10260,38594,-285634194,-17,-2,34,9364
481,7515.625,-214,6109,145960,184763812,-15667,-10120,38047,-211046709,-13,-3,39,9403
482,7531.25,945,1446,11656,112448433,-18602,-10253,38195,-318890055,-19,-9,171,9574
483,7546.875,3298,-2374,64503,215258194,-14763,-10499,39377,-167903528,-10,-7,70,9644
484,7562.5,-5035,-1857,112499,253753916,-13792,-10692,39451,-122298100,-7,-5,35,9679
485,7578.125,836,6394,162430,157098356,-16626,-10650,40203,-240253128,-14,2,-28,9651
486,7593.75,6235,-7543,374110,105617547,-18971,-10917,41115,-331140210,-20,6,-120,9531
487,7609.375,-4472,2328,99290,95065506,-19593,-11384,41753,-342750377,-20,-8,160,9691
488,7625.0,-3007,1314,42065,108348237,-18819,-11660,41666,-298286894,-18,-15,270,9961
489,7640.625,1921,857,17284,180191550,-15816,-12053,42276,-159084588,-9,-13,117,10078
490,7656.25,-252,1457,8540,215087321,-14770,-12315,43022,-105619010,-6,-9,54,10132
491,7671.875,5528,686,121209,196198714,-15313,-12377,42738,-125478768,-7,-7,49,10181
492,7687.5,-6253,-4803,242847,158974317,-16557,-12558,41701,-166762299,-10,-8,80,10261
493,7703.125,-425,1203,6359,137987699,-17394,-12897,42558,-191383326,-11,0,0,10261
494,7718.75,-1399,1402,15323,206168498,-15020,-13209,43055,-77972605,-5,13,-65,10196
495,7734.375,3626,32,51363,119220177,-18254,-13564,43553,-204263570,-12,2,-24,10172
496,7750.0,-4560,-1080,85781,143310484,-17168,-13838,42854,-142703820,-9,4,-36,10136
497,7765.625,3643,-1588,61692,196531582,-15301,-14098,43384,-52190952,-3,13,-39,10097
498,7781.25,-1878,3147,52463,82984548,-20395,-14420,44400,-265290000,-16,15,-240,9857
499,7796.875,-1347,-1699,18363,146694736,-17029,-14588,44901,-109603341,-7,5,-35,9822
500,7812.5,6292,-1728,166310,177117900,-15915,-14976,45186,-42429654,-3,-1,3,9825
501,7828.125,-9100,1193,329036,107645900,-18859,-15420,44094,-151639266,-9,13,-117,9708
502,7843.75,3836,817,60087,101927891,-19180,-15557,42044,-152325412,-9,17,-153,9555
503,7859.375,-308,-3938,60948,99422458,-19327,-15592,39298,-146778030,-9,6,-54,9501
504,7875.0,1784,4622,95881,82190092,-20452,-15888,38563,-176001532,-10,-3,30,9531
505,7890.625,-1245,-498,7024,75468014,-20958,-16225,38853,-183891249,-11,-1,11,9542
506,7906.25,410,-435,1396,59424606,-22369,-16568,39300,-227979300,-14,-2,28,9570
507,7921.875,4975,3532,145413,40175829,-24681,-17034,39886,-305008242,-18,-1,18,9588
508,7937.5,-4385,-6949,263738,46501657,-23817,-17337,40173,-260321040,-16,8,-128,9460
509,7953.125,3140,3516,86804,66956418,-21663,-17486,39345,-164344065,-10,4,-40,9420
510,7968.75,1804,507,13717,84827123,-20266,-17543,38533,-104925359,-6,-2,12,9432
511,7984.375,-5440,-2260,135552,68512682,-21529,-17582,38779,-153060713,-9,-6,54,9486
512,8000.0,3456,0,46656,39194622,-24827,-17620,38878,-280193746,-17,-8,136,9622
