window,real,imag,power,running_power_sum
0,1624762,2761950,40110231872,40110231872
1,-1796850,3626894,63996210976,104106442848
2,-2915278,-541527,34344130113,138450572961
3,-2068234,-2787803,47068115022,185518687983
4,1143196,-2282283,25452003072,210970691055
5,3586537,83651,50274395087,261245086142
6,1377683,3369247,51757171076,313002257218
7,-1762419,1268378,18417591728,331419848946
8,-2030943,-3206468,56274087907,387693936853
9,1804281,-3712405,66552268793,454246205646
10,3700759,955509,57064900880,511311106526
11,708947,2933288,35573376327,546884482853
12,-1762884,2155629,30291001496,577175484349
13,-3541976,-98733,49044305429,626219789778
14,214024,-3039532,36267816608,662487606386
15,3203728,-2783125,70350226030,732837832416
16,1765469,943306,15651199217,748489031633
17,607891,2393266,23817396932,772306428565
18,-1627063,1433005,18362645844,790669074409
19,-2718759,-1608405,38978973219,829648047628
20,898820,-3143538,41756674023,871404721651
21,2605889,-530504,27625359275,899030080926
22,3244950,840214,43889297142,942919378068
23,-1160577,3619727,56442822373,999362200441
24,-2593730,833580,28993323943,1028355524384
25,-2817231,-2672219,58896659732,1087252184116
26,3155197,-3222306,79447359635,1166699543751
27,4682479,-327103,86064867024,1252764410775
28,-395365,4621096,84026725486,1336791136261
29,-2917250,1884640,47118029266,1383909165527
30,-3763554,-2071486,72091378747,1456000544274
31,-976015,-4032438,67238912125,1523239456399
32,3599131,-2204036,69576244705,1592815701104
33,1505458,3669507,61451896144,1654267597248
34,-928331,3374631,47851300124,1702118897372
35,-2461517,1683103,34733990820,1736852888192
36,-2857685,-752312,34110691033,1770963579225
37,758133,-4674252,87591396114,1858554975339
38,5842109,-491729,134265761630,1992820736969
39,1208066,3121277,43757006137,2036577743106
40,-2445237,3144872,61989858916,2098567602022
41,-4377906,-1714016,86343405442,2184911007464
42,-464228,-4095713,66368643025,2251279650489
43,2465640,-1650690,34391242522,2285670893011
44,2746843,328410,29894529667,2315565422678
45,69231,4025222,63309394846,2378874817524
46,-2865255,1652796,42739925128,2421614742652
47,-2959757,-1331319,41142858511,2462757601163
48,-574633,-3665241,53766385441,2516523986604
49,4780626,-2997331,124368664357,2640892650961
50,2396815,2988605,57330007774,2698222658735
51,-110438,3264094,41666039815,2739888698550
52,-5079894,522057,101866666260,2841755364810
53,-1840921,-2906889,46246069479,2888001434289
54,-177726,-2965061,34465520566,2922466954855
55,3279724,-813084,44600371513,2967067326368
56,3406676,3360628,89450241888,3056517568256
57,-380117,3769767,56076688156,3112594256412
58,-3132142,1900665,52432972462,3165027228874
59,-4636561,-2539383,109164702841,3274191931715
60,1581427,-5064812,109973562311,3384165494026
61,4022906,-2634643,90332486025,3474497980051
62,3730032,2256886,74244816945,3548742796996
63,-545626,4679482,86700232501,3635443029497
64,-4819785,-549832,91924385447,3727367414944
65,-617744,-993790,5348539897,3732715954841
66,-845843,-3752745,57806818030,3790522772871
67,4840191,-1663077,102317476658,3892840249529
68,3217941,2037434,56665162437,3949505411966
69,-881835,3924030,63186110969,4012691522935
70,-2344494,899326,24630622540,4037322145475
71,-3132198,-4721697,125410495590,4162732641065
72,3682230,-2089652,70021340836,4232753981901
73,2411093,-1055799,27062816340,4259816798241
74,1011108,3275616,45906248309,4305723046550
75,-2191168,1727787,30415879381,4336138925931
76,-2029815,329216,16517703550,4352656629481
77,-2272077,-1681536,31210535989,4383867165470
78,2014022,-4741166,103652108031,4487519273501
79,4340017,1661484,84360455635,4571879729136
80,917363,3512974,51494301556,4623374030692
81,-2149245,4881556,111128293169,4734502323861
82,-4457041,-1013745,81612864847,4816115188708
83,-806800,-3758640,57727737850,4873842926558
84,1175113,-1617074,15608667517,4889451594075
85,3519596,-636215,49970021599,4939421615674
86,-359688,4041998,64324700349,5003746316023
87,-988683,2632550,30889896785,5034636212808
88,-4055298,-129904,64305925461,5098942138269
89,-249106,-3792703,56432225959,5155374364228
90,2767906,-2327183,51082360704,5206456724932
91,4110306,-539574,67131857481,5273588582413
92,2997900,2404331,57688327998,5331276910411
93,-2422739,3281679,64996411411,5396273321822
94,-3245542,-747748,43330741974,5439604063796
95,-1546380,-3527679,57952383717,5497556447513
96,1593712,-3896639,69233255607,5566789703120
97,4373712,707628,76680054865,5643469757985
98,1464813,3077882,45386854418,5688856612403
99,-1616009,3331190,53548093376,5742404705779
100,-5172534,-1384296,111997591394,5854402297173
101,548931,-3180837,40699411185,5895101708358
102,908659,-3130034,41495211013,5936596919371
103,3550291,1351419,56370701165,5992967620536
104,631331,2135762,19375227157,6012342847693
105,-1769395,2616264,38967171811,6051310019504
106,-2292005,-1369456,27846471312,6079156490816
107,-1442015,-2879134,40503202540,6119659693356
108,2352191,-1916488,35959877948,6155619571304
109,3406146,1930846,59882800192,6215502371496
110,345853,3834359,57898137650,6273400509146
111,-2033331,2141461,34063633477,6307464142623
112,-3289556,-2508685,66854215259,6374318357882
113,-143874,-3165055,39212003441,6413530361323
114,3823387,-1698991,68378353788,6481908715111
115,2144282,2049885,34374897690,6516283612801
116,-1339609,3401078,52194858730,6568478471531
117,-4251269,608053,72043033442,6640521504973
118,-2034806,-1387914,23698205973,6664219710946
119,1243166,-5483579,123496485753,6787716196699
120,5007981,1053565,102304191037,6890020387736
121,540095,2577138,27083370625,6917103758361
122,-554734,3320893,44281484876,6961385243237
123,-4392971,381832,75953085481,7037338328718
124,-776105,-4522221,82237584937,7119575913655
125,3597670,-934737,53972510500,7173548424155
126,3417349,1434602,53657644868,7227206069023
127,-194116,5184691,105151178855,7332357247878
128,-4647384,-206548,84534531718,7416891779596
129,-2507799,-3439357,70774345304,7487666124900
130,2334202,-3415693,66857256434,7554523381334
131,5144414,-1530002,112523052826,7667046434160
132,955357,2763949,33406722938,7700453157098
133,-1120746,2252693,24729286519,7725182443617
134,-4362089,259682,74590840567,7799773284184
135,-12935,-3925006,60179060212,7859952344396
136,2463778,-2044463,40039183561,7899991527957
137,2876876,2716612,61157797961,7961149325918
138,-654649,3600758,52320404249,8013469730167
139,-4857694,2760460,121942696911,8135412427078
140,-1301645,-3144552,45244089792,8180656516870
141,1444771,-3176063,47557575869,8228214092739
142,4466975,1038930,82161098420,8310375191159
143,918849,3589670,53632867944,8364008059103
144,-3086718,2513940,61905165372,8425913224475
145,-2853352,-993291,35657205651,8461570430126
146,-1557516,-5252576,117247698149,8578818128275
147,4420183,-950950,79852826781,8658670955056
148,1804320,3232734,53539608505,8712210563561
149,1062230,3507473,52463669604,8764674233165
150,-3193960,1594479,49780249074,8814454482239
151,-3283023,-2944041,75959443079,8890413925318
152,2227800,-2725208,48397857356,8938811782674
153,3412311,-857756,48357858267,8987169640941
154,1389553,4229325,77414248029,9064583888970
155,-3369152,1334006,51292020340,9115875909310
