sample,raw_pcm16,shifted_rne1,centered,hann_q15,hann_product,windowed_rne15,selected_real_product,selected_imag_product
0,-496,-248,-232,0,0,0,0,0
1,-479,-240,-224,0,0,0,0,0
2,-467,-234,-218,1,-218,0,0,0
3,-462,-231,-215,3,-645,0,0,0
4,-478,-239,-223,5,-1115,0,0,0
5,-439,-220,-204,8,-1632,0,0,0
6,-422,-211,-195,11,-2145,0,0,0
7,-429,-214,-198,15,-2970,0,0,0
8,-443,-222,-206,20,-4120,0,0,0
9,-452,-226,-210,25,-5250,0,0,0
10,-435,-218,-202,31,-6262,0,0,0
11,-395,-198,-182,38,-6916,0,0,0
12,-380,-190,-174,44,-7656,0,0,0
13,-354,-177,-161,52,-8372,0,0,0
14,-357,-178,-162,60,-9720,0,0,0
15,-373,-186,-170,70,-11900,0,0,0
16,-361,-180,-164,79,-12956,0,0,0
17,-320,-160,-144,89,-12816,0,0,0
18,-303,-152,-136,100,-13600,0,0,0
19,-313,-156,-140,111,-15540,0,0,0
20,-296,-148,-132,123,-16236,0,0,0
21,-310,-155,-139,136,-18904,-1,-26198,19680
22,-358,-179,-163,149,-24287,-1,-25582,20475
23,-388,-194,-178,163,-29014,-1,-24942,21250
24,-384,-192,-176,178,-31328,-1,-24279,22005
25,-374,-187,-171,192,-32832,-1,-23592,22739
26,-388,-194,-178,208,-37024,-1,-22884,23452
27,-326,-163,-147,224,-32928,-1,-22154,24143
28,-267,-134,-118,241,-28438,-1,-21403,24811
29,-284,-142,-126,258,-32508,-1,-20631,25456
30,-284,-142,-126,277,-34902,-1,-19841,26077
31,-301,-150,-134,296,-39664,-1,-19032,26674
32,-304,-152,-136,315,-42840,-1,-18204,27245
33,-286,-143,-127,334,-42418,-1,-17360,27790
34,-295,-148,-132,355,-46860,-1,-16499,28310
35,-322,-161,-145,376,-54520,-2,-31246,57606
36,-336,-168,-152,398,-60496,-2,-29464,58536
37,-348,-174,-158,420,-66360,-2,-27656,59412
38,-349,-174,-158,444,-70152,-2,-25820,60234
39,-368,-184,-168,467,-78456,-2,-23960,60996
40,-366,-183,-167,491,-81997,-3,-33117,92556
41,-389,-194,-178,516,-91848,-3,-30261,93528
42,-397,-198,-182,541,-98462,-3,-27378,94410
43,-367,-184,-168,567,-95256,-3,-24471,95208
44,-347,-174,-158,594,-93852,-3,-21537,95913
45,-335,-168,-152,620,-94240,-3,-18585,96528
46,-282,-141,-125,648,-81000,-2,-10410,64702
47,-227,-114,-98,676,-66248,-2,-8420,64990
48,-209,-104,-88,706,-62128,-2,-6424,65218
49,-185,-92,-76,735,-55860,-2,-4420,65384
50,-214,-107,-91,765,-69615,-2,-2412,65490
51,-212,-106,-90,796,-71640,-2,-402,65532
52,-200,-100,-84,827,-69468,-2,1608,65514
53,-205,-102,-86,858,-73788,-2,3618,65434
54,-185,-92,-76,891,-67716,-2,5622,65292
55,-187,-94,-78,924,-72072,-2,7622,65090
56,-201,-100,-84,958,-80472,-2,9616,64824
57,-194,-97,-81,992,-80352,-2,11600,64500
58,-151,-76,-60,1026,-61560,-2,13572,64114
59,-94,-47,-31,1062,-32922,-1,7767,31833
60,-73,-36,-20,1098,-21960,-1,8739,31580
61,-81,-40,-24,1134,-27216,-1,9704,31297
62,-100,-50,-34,1172,-39848,-1,10659,30985
63,-111,-56,-40,1209,-48360,-1,11605,30643
64,-119,-60,-44,1247,-54868,-2,25078,60546
65,-75,-38,-22,1286,-28292,-1,13462,29874
66,-93,-46,-30,1325,-39750,-1,14372,29447
67,-83,-42,-26,1365,-35490,-1,15269,28992
68,-22,-11,5,1406,7030,0,0,0
69,-29,-14,2,1446,2892,0,0,0
70,-37,-18,-2,1488,-2976,0,0,0
71,-42,-21,-5,1530,-7650,0,0,0
72,-31,-16,0,1573,0,0,0,0
73,-5,-2,14,1616,22624,1,-20317,-25708
74,17,8,24,1660,39840,1,-21096,-25072
75,7,4,20,1704,34080,1,-21856,-24413
76,23,12,28,1750,49000,1,-22594,-23731
77,45,22,38,1795,68210,2,-46622,-46054
78,41,20,36,1841,66276,2,-48014,-44602
79,57,28,44,1888,83072,3,-74040,-64662
80,99,50,66,1934,127644,4,-101316,-83148
81,106,53,69,1982,136758,4,-103820,-80000
82,80,40,56,2030,113680,3,-79668,-57585
83,43,22,38,2079,79002,2,-54266,-36742
84,24,12,28,2128,59584,2,-55366,-35060
85,47,24,40,2178,87120,3,-84624,-50019
86,88,44,60,2228,133680,4,-114824,-63200
87,140,70,86,2280,196080,6,-175062,-89472
88,173,86,102,2331,237762,7,-207347,-98070
89,183,92,108,2383,257364,8,-240296,-104752
90,189,94,110,2436,267960,8,-243392,-97336
91,152,76,92,2488,228896,7,-215481,-78596
92,129,64,80,2542,203360,6,-186678,-61668
93,159,80,96,2596,249216,8,-251312,-74552
94,173,86,102,2650,270300,8,-253480,-66808
95,112,56,72,2706,194832,6,-191556,-44250
96,79,40,56,2761,154616,5,-160685,-31965
97,98,49,65,2817,183105,6,-193908,-32424
98,45,22,38,2874,109212,3,-97407,-13230
99,-32,-16,0,2931,0,0,0,0
100,-47,-24,-8,2988,-23904,-1,32678,2410
101,-81,-40,-24,3046,-73104,-2,65474,2814
102,-87,-44,-28,3106,-86968,-3,98295,1206
103,-22,-11,5,3164,15820,0,0,0
104,16,8,24,3224,77376,2,-65456,3216
105,-27,-14,2,3284,6568,0,0,0
106,-84,-42,-26,3345,-86970,-3,97701,-10836
107,-96,-48,-32,3406,-108992,-3,97323,-13827
108,-29,-14,2,3468,6936,0,0,0
109,57,28,44,3530,155320,5,-160490,32950
110,108,54,70,3592,251440,8,-255040,60568
111,132,66,82,3656,299792,9,-284697,76905
112,128,64,80,3719,297520,9,-282204,85608
113,120,60,76,3783,287508,9,-279450,94221
114,144,72,88,3848,338624,10,-307140,114170
115,128,64,80,3912,312960,10,-303490,123530
116,117,58,74,3978,294372,9,-269604,119511
117,172,86,102,4044,412488,13,-383942,184483
118,205,102,118,4110,484980,15,-436275,226350
119,195,98,114,4177,476178,15,-429135,239640
120,201,100,116,4244,492304,15,-421575,252690
121,236,118,134,4312,577808,18,-496350,318600
122,233,116,132,4380,578160,18,-486342,333666
123,221,110,126,4448,560448,17,-449446,329069
124,205,102,118,4518,533124,16,-413312,322544
125,216,108,124,4588,568912,17,-428417,356014
126,267,134,150,4658,698700,21,-515487,455805
127,304,152,168,4728,794304,24,-572880,538752
128,330,165,181,4798,868438,27,-625590,625590
129,391,196,212,4870,1032440,32,-718336,763840
130,407,204,220,4942,1087240,33,-716265,810051
131,464,232,248,5014,1243472,38,-795796,957638
132,523,262,278,5086,1413908,43,-866837,1110776
133,529,264,280,5160,1444800,44,-851708,1163272
134,554,277,293,5233,1533269,47,-871239,1269893
135,575,288,304,5306,1613024,49,-867300,1351175
136,576,288,304,5381,1635824,50,-842300,1405250
137,543,272,288,5456,1571328,48,-766848,1373232
138,462,231,247,5531,1366157,42,-633780,1221570
139,387,194,210,5606,1177260,36,-510876,1063224
140,328,164,180,5682,1022760,31,-411649,928636
141,308,154,170,5758,978860,30,-370590,910470
142,324,162,178,5836,1038808,32,-365344,982848
143,296,148,164,5912,969568,30,-314070,931500
144,247,124,140,5990,838600,26,-247312,815256
145,209,104,120,6068,728160,22,-187990,695926
146,205,102,118,6146,725228,22,-166562,701360
147,202,101,117,6225,728325,22,-144980,706156
148,205,102,118,6304,743872,23,-128846,742555
149,169,84,100,6384,638400,19,-87571,616379
150,115,58,74,6463,478262,15,-54180,488505
151,49,24,40,6544,261760,8,-20888,261304
152,24,12,28,6624,185472,6,-9648,196368
153,78,39,55,6705,368775,11,-6633,360371
154,114,57,73,6786,495378,15,6030,491475
155,104,52,68,6868,467024,14,19698,458318
156,81,40,56,6950,389200,12,28920,392136
157,75,38,54,7032,379728,12,40944,391068
158,75,38,54,7115,384210,12,52920,389628
159,124,62,78,7198,561444,17,91868,549406
160,155,78,94,7282,684508,21,134253,674877
161,142,71,87,7365,640755,20,147500,638520
162,109,54,70,7449,521430,16,133616,506960
163,119,60,76,7534,572584,17,158423,534038
164,74,37,53,7618,403754,12,123336,373356
165,26,13,29,7704,223416,7,78596,215481
166,7,4,20,7789,155780,5,60835,152120
167,-2,-1,15,7874,118110,4,52376,120148
168,-45,-22,-6,7960,-47760,-1,-14010,-29621
169,-76,-38,-22,8047,-177034,-5,-74560,-145885
170,-82,-41,-25,8134,-203350,-6,-94800,-172236
171,-81,-40,-24,8221,-197304,-6,-100038,-169248
172,-34,-17,-1,8308,-8308,0,0,0
173,-1,0,16,8396,134336,4,73484,108532
174,-49,-24,-8,8484,-67872,-2,-38390,-53112
175,-72,-36,-20,8572,-171440,-5,-100000,-129775
176,-33,-16,0,8660,0,0,0,0
177,-41,-20,-4,8749,-34996,-1,-21554,-24680
178,-30,-15,1,8838,8838,0,0,0
179,-30,-15,1,8928,8928,0,0,0
180,-39,-20,-4,9018,-36072,-1,-23731,-22594
181,-85,-42,-26,9107,-236782,-7,-170891,-152992
182,-148,-74,-58,9198,-533484,-16,-401152,-337536
183,-161,-80,-64,9288,-594432,-18,-462744,-365706
184,-184,-92,-76,9378,-712728,-22,-579018,-429418
185,-183,-92,-76,9470,-719720,-22,-591910,-411466
186,-185,-92,-76,9561,-726636,-22,-604252,-393118
187,-241,-120,-104,9652,-1003808,-31,-868031,-527558
188,-277,-138,-122,9744,-1188768,-36,-1026360,-581436
189,-248,-124,-108,9836,-1062288,-32,-927744,-488608
190,-253,-126,-110,9928,-1092080,-33,-971751,-474276
191,-321,-160,-144,10021,-1443024,-44,-1314456,-592328
192,-323,-162,-146,10114,-1476644,-45,-1362285,-564255
193,-259,-130,-114,10207,-1163598,-36,-1103148,-417780
194,-218,-109,-93,10300,-957900,-29,-898565,-309111
195,-213,-106,-90,10394,-935460,-29,-907613,-281416
196,-194,-97,-81,10487,-849447,-26,-821080,-227214
197,-201,-100,-84,10581,-888804,-27,-859491,-209709
198,-231,-116,-100,10675,-1067500,-33,-1057881,-223938
199,-264,-132,-116,10770,-1249320,-38,-1225500,-220400
200,-293,-146,-130,10864,-1412320,-43,-1393716,-206744
201,-375,-188,-172,10959,-1884948,-58,-1887610,-221038
202,-426,-213,-197,11054,-2177638,-66,-2154636,-185526
203,-405,-202,-186,11149,-2073714,-63,-2061171,-113967
204,-419,-210,-194,11244,-2181336,-67,-2194719,-53868
205,-407,-204,-188,11340,-2131920,-65,-2129790,13065
206,-394,-197,-181,11436,-2069916,-63,-2062935,75978
207,-454,-227,-211,11532,-2433252,-74,-2419208,163540
208,-488,-244,-228,11628,-2651184,-81,-2641329,260172
209,-410,-205,-189,11724,-2215836,-68,-2209660,286280
210,-286,-143,-127,11820,-1501140,-46,-1488146,239430
211,-209,-104,-88,11917,-1048696,-32,-1029632,198240
212,-212,-106,-90,12014,-1081260,-33,-1055043,236907
213,-245,-122,-106,12111,-1283766,-39,-1237704,318123
214,-316,-158,-142,12208,-1733536,-53,-1667910,483678
215,-358,-179,-163,12305,-2005715,-61,-1901736,615307
216,-378,-189,-173,12402,-2145546,-65,-2005380,717535
217,-391,-196,-180,12500,-2250000,-69,-2104362,826620
218,-378,-189,-173,12598,-2179454,-67,-2017839,864970
219,-330,-165,-149,12696,-1891704,-58,-1722948,802024
220,-331,-166,-150,12794,-1919100,-59,-1726812,869188
221,-312,-156,-140,12892,-1804880,-55,-1584165,859265
222,-271,-136,-120,12990,-1558800,-48,-1358880,791952
223,-291,-146,-130,13088,-1701440,-52,-1445080,902720
224,-309,-154,-138,13187,-1819806,-56,-1525720,1019424
225,-340,-170,-154,13286,-2046044,-62,-1653788,1179984
226,-348,-174,-158,13384,-2114672,-65,-1695005,1289665
227,-359,-180,-164,13484,-2211376,-67,-1705552,1382277
228,-398,-199,-183,13582,-2485506,-76,-1885636,1626628
229,-411,-206,-190,13682,-2599580,-79,-1907297,1750166
230,-387,-194,-178,13781,-2453018,-75,-1758900,1716300
231,-407,-204,-188,13880,-2609440,-80,-1819120,1887360
232,-439,-220,-204,13980,-2851920,-87,-1914435,2112273
233,-469,-234,-218,14079,-3069222,-94,-1997500,2344548
234,-423,-212,-196,14178,-2778888,-85,-1740375,2174470
235,-315,-158,-142,14278,-2027476,-62,-1220160,1624276
236,-315,-158,-142,14378,-2041676,-62,-1169816,1660980
237,-370,-185,-169,14478,-2446782,-75,-1352775,2051700
238,-364,-182,-166,14578,-2419948,-74,-1271986,2064304
239,-371,-186,-170,14678,-2495260,-76,-1240700,2159236
240,-365,-182,-166,14778,-2453148,-75,-1158450,2167350
241,-359,-180,-164,14878,-2439992,-74,-1076922,2172492
242,-327,-164,-148,14978,-2216744,-68,-927860,2025788
243,-326,-163,-147,15078,-2216466,-68,-865300,2053260
244,-348,-174,-158,15178,-2398124,-73,-860889,2231683
245,-344,-172,-156,15278,-2383368,-73,-791977,2257087
246,-307,-154,-138,15379,-2122302,-65,-643240,2030405
247,-310,-155,-139,15479,-2151581,-66,-589578,2080716
248,-274,-137,-121,15580,-1885180,-58,-461796,1843530
249,-253,-126,-110,15680,-1724800,-53,-370099,1696742
250,-305,-152,-136,15780,-2146080,-65,-389870,2093845
251,-348,-174,-158,15881,-2509198,-77,-385539,2493414
252,-358,-179,-163,15982,-2605066,-80,-320880,2601680
253,-308,-154,-138,16082,-2219316,-68,-204816,2218704
254,-304,-152,-136,16182,-2200752,-67,-134603,2191235
255,-285,-142,-126,16283,-2051658,-63,-63315,2063376
256,-267,-134,-118,16384,-1933312,-59,0,1933253
257,-254,-127,-111,16484,-1829724,-56,56280,1834112
258,-240,-120,-104,16584,-1724736,-53,106477,1733365
259,-213,-106,-90,16685,-1501650,-46,138552,1500888
260,-241,-120,-104,16786,-1745744,-53,212583,1723613
261,-260,-130,-114,16886,-1925004,-59,295413,1910538
262,-273,-136,-120,16986,-2038320,-62,371876,1997206
263,-321,-160,-144,17087,-2460528,-75,523725,2401050
264,-310,-155,-139,17188,-2389132,-73,581226,2320305
265,-266,-133,-117,17288,-2022696,-62,553846,1954612
266,-215,-108,-92,17388,-1599696,-49,484904,1530613
267,-161,-80,-64,17488,-1119232,-34,368866,1051246
268,-155,-78,-62,17588,-1090456,-33,389169,1008843
269,-115,-58,-42,17689,-742938,-23,292675,694485
270,-133,-66,-50,17789,-889450,-27,368415,804357
271,-121,-60,-44,17890,-787160,-24,349272,704592
272,-55,-28,-12,17990,-215880,-7,108122,202286
273,-22,-11,5,18090,90450,3,-48975,-85233
274,12,6,22,18190,400180,12,-206268,-334752
275,71,36,52,18289,951028,29,-523073,-793324
276,80,40,56,18389,1029784,31,-584908,-830490
277,26,13,29,18488,536152,16,-314880,-419168
278,-25,-12,4,18588,74352,2,-40950,-51164
279,-84,-42,-26,18688,-485888,-15,318750,374130
280,-46,-23,-7,18788,-131516,-4,88020,97116
281,43,22,38,18887,717706,22,-500258,-519024
282,127,64,80,18986,1518880,46,-1078792,-1052664
283,201,100,116,19086,2213976,68,-1641724,-1506472
284,234,117,133,19184,2551472,78,-1935258,-1669434
285,270,135,151,19284,2911884,89,-2265584,-1836159
286,294,147,163,19382,3159266,96,-2503392,-1904736
287,261,130,146,19481,2844226,87,-2320638,-1655784
288,290,145,161,19580,3152380,96,-2615520,-1747584
289,341,170,186,19678,3660108,112,-3112480,-1944320
290,289,144,160,19776,3164160,97,-2746070,-1600403
291,282,141,157,19875,3120375,95,-2736285,-1484185
292,267,134,150,19973,2995950,91,-2663388,-1340612
293,267,134,150,20071,3010650,92,-2732952,-1272176
294,321,160,176,20169,3549744,108,-3252636,-1394280
295,352,176,192,20267,3891264,119,-3629262,-1425620
296,352,176,192,20364,3909888,119,-3671388,-1313641
297,372,186,202,20462,4133324,126,-3928176,-1270962
298,356,178,194,20559,3988446,122,-3839340,-1113372
299,324,162,178,20656,3676768,112,-3554432,-913584
300,264,132,148,20753,3071444,94,-3005274,-674826
301,227,114,130,20850,2710500,83,-2670608,-514185
302,239,120,136,20946,2848656,87,-2814537,-452835
303,209,104,120,21043,2525160,77,-2502115,-324170
304,233,116,132,21140,2790480,85,-2771765,-273020
305,276,138,154,21236,3270344,100,-3269200,-221000
306,239,120,136,21332,2901152,89,-2914305,-107334
307,176,88,104,21427,2228408,68,-2228088,-13668
308,127,64,80,21522,1721760,53,-1736121,42612
309,90,45,61,21618,1318698,40,-1308680,72360
310,48,24,40,21713,868520,27,-881442,75897
311,46,23,39,21808,850512,26,-846170,99086
312,67,34,50,21903,1095150,33,-1069596,158664
313,79,40,56,21998,1231888,38,-1225500,220400
314,94,47,63,22092,1391796,42,-1346394,285012
315,43,22,38,22186,843068,26,-827658,201942
316,-1,0,16,22280,356480,11,-347380,96129
317,-14,-7,9,22374,201366,6,-187782,58224
318,2,1,17,22467,381939,12,-371820,127908
319,30,15,31,22560,699360,21,-643503,243705
320,66,33,49,22653,1109997,34,-1029282,426326
321,75,38,54,22746,1228284,37,-1105338,498094
322,18,9,25,22838,570950,17,-500599,244324
323,-10,-5,11,22930,252230,8,-231936,122152
324,-24,-12,4,23023,92092,3,-85530,48453
325,-23,-12,4,23114,92456,3,-84003,51054
326,-11,-6,10,23206,232060,7,-192262,125083
327,52,26,42,23298,978516,30,-807150,561090
328,96,48,64,23388,1496832,46,-1210674,897874
329,124,62,78,23479,1831362,56,-1439648,1137752
330,134,67,83,23570,1956310,60,-1504320,1265760
331,89,44,60,23660,1419600,43,-1049759,939808
332,54,27,43,23750,1021250,31,-735661,700414
333,64,32,48,23840,1144320,35,-805945,815885
334,80,40,56,23928,1339968,41,-914341,984287
335,119,60,76,24018,1825368,56,-1207024,1382080
336,164,82,98,24106,2362388,72,-1496664,1823688
337,209,104,120,24195,2903400,89,-1780000,2309995
338,230,115,131,24284,3181204,97,-1861915,2575932
339,178,89,105,24372,2559060,78,-1432938,2116374
340,161,80,96,24459,2348064,72,-1262160,1993176
341,160,80,96,24546,2356416,72,-1200456,2030976
342,114,57,73,24633,1798209,55,-869000,1578830
343,71,36,52,24720,1285440,39,-581568,1137903
344,119,60,76,24806,1885256,58,-812580,1718018
345,167,84,100,24892,2489200,76,-995144,2282812
346,168,84,100,24978,2497800,76,-924692,2312224
347,194,97,113,25064,2832232,86,-965608,2647338
348,235,118,134,25148,3369832,103,-1058634,3204639
349,235,118,134,25234,3381356,103,-959857,3235642
350,222,111,127,25318,3215386,98,-818398,3105130
351,240,120,136,25402,3454672,105,-774375,3352230
352,238,119,135,25486,3440610,105,-671265,3374385
353,247,124,140,25569,3579660,109,-589036,3522662
354,290,145,161,25652,4129972,126,-555660,4091094
355,291,146,162,25735,4169070,127,-433324,4138803
356,300,150,166,25818,4285788,131,-315710,4280818
357,315,158,174,25900,4506600,138,-194166,4517706
358,289,144,160,25981,4156960,127,-51054,4161155
359,260,130,146,26062,3805052,116,69948,3800276
360,250,125,141,26143,3686163,112,180096,3665536
361,272,136,152,26224,3986048,122,318542,3984886
362,290,145,161,26304,4234944,129,465948,4201143
363,307,154,170,26384,4485280,137,631433,4444417
364,341,170,186,26463,4922118,150,840300,4842750
365,349,174,190,26542,5042980,154,1014860,4943092
366,350,175,191,26621,5084611,155,1173505,4941400
367,392,196,212,26699,5660188,173,1478285,5472509
368,402,201,217,26777,5810609,177,1683624,5550012
369,361,180,196,26854,5263384,161,1685509,4999050
370,348,174,190,26932,5117080,156,1781052,4791384
371,353,176,192,27008,5185536,158,1951774,4795142
372,361,180,196,27085,5308660,162,2151198,4852872
373,385,192,208,27160,5649280,172,2440852,5079848
374,378,189,205,27236,5583380,170,2565300,4944450
375,339,170,186,27312,5080032,155,2476280,4434395
376,310,155,171,27386,4683006,143,2408978,4019015
377,352,176,192,27460,5272320,161,2849700,4439575
378,371,186,202,27534,5561868,170,3151290,4593230
379,381,190,206,27608,5687248,174,3368118,4600212
380,425,212,228,27680,6311040,193,3890687,4985576
381,425,212,228,27753,6327684,193,4041806,4863793
382,372,186,202,27826,5620852,172,3733260,4222084
383,388,194,210,27897,5858370,179,4018192,4272730
384,354,177,193,27968,5397824,165,3823050,3823050
385,315,158,174,28039,4878786,149,3556630,3344752
386,331,166,182,28110,5116020,156,3829332,3385980
387,319,160,176,28180,4959680,151,3805351,3162242
388,308,154,170,28249,4802330,147,3797304,2963373
389,283,142,158,28318,4474244,137,3622006,2651909
390,250,125,141,28387,4002567,122,3296318,2261514
391,217,108,124,28455,3528420,108,2978100,1911600
392,246,123,139,28523,3964697,121,3400705,2038366
393,260,130,146,28590,4174140,127,3633343,2028952
394,297,148,164,28657,4699748,143,4159155,2157870
395,291,146,162,28724,4653288,142,4193828,2015122
396,329,164,180,28789,5182020,158,4733048,2098082
397,396,198,214,28854,6174756,188,5705612,2322364
398,380,190,206,28920,5957520,182,5589948,2077894
399,362,181,197,28984,5709848,174,5402700,1821606
400,379,190,206,29048,5983888,183,5738148,1740696
401,346,173,189,29112,5502168,168,5314344,1435560
402,308,154,170,29174,4959580,151,4813880,1143221
403,278,139,155,29238,4531890,138,4429524,909420
404,185,92,108,29300,3164400,97,3131645,543394
405,162,81,97,29361,2848017,87,2822367,400983
406,182,91,107,29422,3148154,96,3126432,346752
407,146,73,89,29482,2623898,80,2613040,208880
408,117,58,74,29543,2186182,67,2192776,107736
409,83,42,58,29602,1716916,52,1703572,31356
410,56,28,44,29662,1305128,40,1310600,-16080
411,63,32,48,29720,1426560,44,1440428,-61908
412,38,19,35,29778,1042230,32,1045696,-77120
413,2,1,17,29836,507212,15,488835,-51180
414,-24,-12,4,29893,119572,4,129876,-17640
415,-30,-15,1,29950,29950,1,32318,-5404
416,17,8,24,30006,720144,22,707014,-140646
417,-7,-4,12,30062,360744,11,351186,-81125
418,-5,-2,14,30116,421624,13,411905,-108563
419,47,24,40,30171,1206840,37,1162318,-344803
420,80,40,56,30225,1692600,52,1617876,-534456
421,73,36,52,30278,1574456,48,1477584,-538944
422,59,30,46,30332,1395272,43,1308232,-523181
423,38,19,35,30384,1063440,32,961184,-419008
424,6,3,19,30436,578284,18,533178,-252180
425,-13,-6,10,30488,304880,9,262593,-134208
426,5,2,18,30538,549684,17,488002,-268600
427,-36,-18,-2,30589,-61178,-2,-56416,33346
428,-79,-40,-24,30638,-735312,-22,-609026,385660
429,-106,-53,-37,30688,-1135456,-35,-949655,642985
430,-110,-55,-39,30736,-1198704,-37,-982572,710215
431,-80,-40,-24,30785,-738840,-23,-596965,460000
432,-75,-38,-22,30832,-678304,-21,-531909,436527
433,-131,-66,-50,30880,-1544000,-47,-1159960,1013038
434,-175,-88,-72,30926,-2226672,-68,-1632476,1516468
435,-197,-98,-82,30972,-2539704,-78,-1818258,1796106
436,-223,-112,-96,31018,-2977728,-91,-2056054,2159521
437,-240,-120,-104,31062,-3230448,-99,-2163744,2416887
438,-241,-120,-104,31107,-3235128,-99,-2088504,2482128
439,-270,-135,-119,31150,-3706850,-113,-2295821,2905004
440,-311,-156,-140,31194,-4367160,-133,-2596027,3500427
441,-323,-162,-146,31236,-4560456,-139,-2599717,3739795
442,-303,-152,-136,31279,-4253944,-130,-2322970,3570580
443,-296,-148,-132,31320,-4134240,-126,-2144268,3528126
444,-292,-146,-130,31362,-4077060,-124,-2002724,3535240
445,-290,-145,-129,31402,-4050858,-124,-1893356,3595008
446,-321,-160,-144,31442,-4527648,-138,-1983336,4063686
447,-371,-186,-170,31481,-5351770,-163,-2194306,4869462
448,-394,-197,-181,31520,-5705120,-174,-2181786,5267502
449,-414,-207,-191,31558,-6027578,-184,-2135320,5638312
450,-409,-204,-188,31596,-5940048,-181,-1929279,5608285
451,-376,-188,-172,31632,-5440704,-166,-1610864,5195302
452,-318,-159,-143,31669,-4528667,-138,-1205982,4358040
453,-273,-136,-120,31705,-3804600,-116,-900972,3692628
454,-310,-155,-139,31740,-4411860,-135,-916110,4327695
455,-326,-163,-147,31775,-4670925,-143,-829400,4611750
456,-347,-174,-158,31810,-5025980,-153,-735624,4959036
457,-398,-199,-183,31843,-5827269,-178,-678358,5793010
458,-377,-188,-172,31876,-5482672,-167,-469437,5451882
459,-348,-174,-158,31908,-5041464,-154,-278586,5038418
460,-360,-180,-164,31940,-5238160,-160,-128640,5241120
461,-357,-178,-162,31972,-5179464,-158,31758,5177028
462,-352,-176,-160,32002,-5120320,-156,188136,5108220
463,-356,-178,-162,32032,-5189184,-158,349180,5165336
464,-372,-186,-170,32062,-5450540,-166,533192,5413094
465,-375,-188,-172,32090,-5519480,-168,707280,5459160
466,-345,-172,-156,32118,-5010408,-153,796365,4949703
467,-353,-176,-160,32146,-5143360,-157,972615,5051632
468,-395,-198,-182,32174,-5855668,-179,1285041,5722809
469,-360,-180,-164,32200,-5280800,-161,1313277,5109496
470,-349,-174,-158,32226,-5091708,-155,1414530,4877850
471,-339,-170,-154,32252,-4966808,-152,1533224,4738752
472,-321,-160,-144,32276,-4647744,-142,1567538,4380984
473,-331,-166,-150,32300,-4845000,-148,1773040,4513704
474,-316,-158,-142,32324,-4590008,-140,1807400,4216380
475,-283,-142,-126,32346,-4075596,-124,1714672,3683544
476,-247,-124,-108,32369,-3495852,-107,1576324,3131676
477,-255,-128,-112,32390,-3627680,-111,1734153,3197133
478,-240,-120,-104,32412,-3370848,-103,1699397,2915930
479,-196,-98,-82,32432,-2659424,-81,1406160,2250990
480,-186,-93,-77,32452,-2498804,-76,1383504,2070620
481,-167,-84,-68,32472,-2208096,-67,1275144,1787158
482,-173,-86,-70,32490,-2274300,-69,1369029,1799313
483,-194,-97,-81,32508,-2633148,-80,1650480,2036480
484,-229,-114,-98,32526,-3187548,-97,2076091,2406667
485,-305,-152,-136,32542,-4425712,-135,2990790,3259305
486,-355,-178,-162,32559,-5274558,-161,3684324,3775772
487,-365,-182,-166,32574,-5407284,-165,3892680,3751935
488,-350,-175,-159,32590,-5181810,-158,3836082,3476790
489,-335,-168,-152,32604,-4955808,-151,3766242,3208750
490,-321,-160,-144,32618,-4696992,-143,3658226,2927925
491,-292,-146,-130,32631,-4242030,-129,3379542,2538720
492,-241,-120,-104,32644,-3394976,-104,2786160,1962272
493,-194,-97,-81,32656,-2645136,-81,2215836,1460997
494,-180,-90,-74,32667,-2417358,-74,2064304,1271986
495,-142,-71,-55,32678,-1797290,-55,1562605,897875
496,-105,-52,-36,32688,-1176768,-36,1040328,556056
497,-102,-51,-35,32698,-1144430,-35,1027530,509355
498,-100,-50,-34,32706,-1112004,-34,1012894,463930
499,-56,-28,-12,32715,-392580,-12,362340,152700
500,-18,-9,7,32722,229054,7,-213997,-82551
501,-37,-18,-2,32730,-65460,-2,61838,21698
502,-74,-37,-21,32736,-687456,-21,655977,207816
503,-88,-44,-28,32742,-916776,-28,882728,250124
504,-101,-50,-34,32748,-1113432,-34,1080690,270708
505,-151,-76,-60,32752,-1965120,-60,1920840,418980
506,-169,-84,-68,32756,-2227408,-68,2190484,407864
507,-212,-106,-90,32760,-2948400,-90,2914380,450630
508,-271,-136,-120,32762,-3931440,-120,3902520,481320
509,-284,-142,-126,32764,-4128264,-126,4111128,379512
510,-251,-126,-110,32766,-3604260,-110,3597550,220990
511,-214,-107,-91,32766,-2981706,-91,2980432,91455
512,-210,-105,-89,32767,-2916263,-89,2916263,0
513,-193,-96,-80,32766,-2621280,-80,2620160,-80400
514,-163,-82,-66,32766,-2162556,-66,2158530,-132594
515,-170,-85,-69,32764,-2260716,-69,2251332,-207828
516,-123,-62,-46,32762,-1507052,-46,1495966,-184506
517,-63,-32,-16,32760,-524160,-16,518112,-80112
518,-72,-36,-20,32756,-655120,-20,644260,-119960
519,-83,-42,-26,32752,-851552,-26,832364,-181558
520,-75,-38,-22,32748,-720456,-22,699270,-175164
521,-73,-36,-20,32742,-654840,-20,630520,-178660
522,-86,-43,-27,32736,-883872,-27,843399,-267192
523,-91,-46,-30,32730,-981900,-30,927570,-325470
524,-123,-62,-46,32722,-1505212,-46,1406266,-542478
525,-133,-66,-50,32715,-1635750,-50,1509750,-636250
526,-135,-68,-52,32706,-1700712,-52,1549132,-709540
527,-159,-80,-64,32698,-2092672,-64,1878912,-931392
528,-150,-75,-59,32688,-1928592,-59,1704982,-911314
529,-136,-68,-52,32678,-1699256,-52,1477372,-848900
530,-147,-74,-58,32667,-1894686,-58,1617968,-996962
531,-129,-64,-48,32656,-1567488,-48,1313088,-865776
532,-105,-52,-36,32644,-1175184,-36,964440,-679248
533,-107,-54,-38,32631,-1239978,-38,995524,-747840
534,-91,-46,-30,32618,-978540,-30,767460,-614250
535,-50,-25,-9,32604,-293436,-9,224478,-191250
536,-3,-2,14,32590,456260,14,-339906,308070
537,4,2,18,32574,586332,18,-424656,409302
538,16,8,24,32559,781416,24,-549216,562848
539,-14,-7,9,32542,292878,9,-199386,217287
540,-28,-14,2,32526,65052,2,-42806,49622
541,12,6,22,32508,715176,22,-453882,560032
542,83,42,58,32490,1884420,58,-1150778,1512466
543,123,62,78,32472,2532816,77,-1465464,2053898
544,168,84,100,32452,3245200,99,-1802196,2697255
545,202,101,117,32432,3794544,116,-2013760,3223640
546,211,106,122,32412,3954264,121,-1996379,3425510
547,227,114,130,32390,4210700,129,-2015367,3715587
548,257,128,144,32369,4661136,142,-2091944,4156056
549,298,149,165,32346,5337090,163,-2253964,4842078
550,321,160,176,32324,5689024,174,-2246340,5240358
551,364,182,198,32300,6395400,195,-2336100,5947110
552,404,202,218,32276,7036168,215,-2373385,6633180
553,424,212,228,32252,7353456,224,-2259488,6983424
554,393,196,212,32226,6831912,208,-1898208,6545760
555,360,180,196,32200,6311200,193,-1574301,6125048
556,370,185,201,32174,6466974,197,-1414263,6298287
557,340,170,186,32146,5979156,182,-1127490,5856032
558,263,132,148,32118,4753464,145,-754725,4690895
559,223,112,128,32090,4107520,125,-526250,4061875
560,203,102,118,32062,3783316,115,-369380,3750035
561,170,85,101,32032,3235232,99,-218790,3236508
562,174,87,103,32002,3296206,101,-121806,3307245
563,213,106,122,31972,3900584,119,-23919,3899154
564,185,92,108,31940,3449520,105,84420,3439485
565,163,82,98,31908,3126984,95,171855,3108115
566,116,58,74,31876,2358824,72,202392,2350512
567,88,44,60,31843,1910580,58,221038,1887610
568,133,66,82,31810,2608420,80,384640,2592960
569,149,74,90,31775,2859750,87,504600,2805750
570,129,64,80,31740,2539200,77,522522,2468389
571,109,54,70,31705,2219350,68,528156,2164644
572,101,50,66,31669,2090154,64,559296,2021120
573,137,68,84,31632,2657088,81,786024,2535057
574,169,84,100,31596,3159600,96,1023264,2974560
575,177,88,104,31558,3282032,100,1160500,3064300
576,210,105,121,31520,3813920,116,1454524,3511668
577,211,106,122,31481,3840682,117,1575054,3495258
578,152,76,92,31442,2892664,88,1264736,2591336
579,153,76,92,31402,2888984,88,1343672,2551296
580,115,58,74,31362,2320788,71,1146721,2024210
581,140,70,86,31320,2693520,82,1395476,2296082
582,211,106,122,31279,3816038,116,2072804,3186056
583,211,106,122,31236,3810792,116,2169548,3120980
584,211,106,122,31194,3805668,116,2264204,3053004
585,278,139,155,31150,4828250,147,2986599,3779076
586,382,191,207,31107,6439149,197,4155912,4939184
587,397,198,214,31062,6647268,203,4436768,4955839
588,389,194,210,31018,6513780,199,4496206,4722469
589,418,209,225,30972,6968700,213,4965243,4904751
590,447,224,240,30926,7422240,227,5449589,5062327
591,450,225,241,30880,7442080,227,5602360,4892758
592,401,200,216,30832,6659712,203,5141787,4219761
593,375,188,204,30785,6280140,192,4983360,3840000
594,424,212,228,30736,7007808,214,5682984,4107730
595,439,220,236,30688,7242368,221,5996393,4059991
596,444,222,238,30638,7291844,223,6173309,3909190
597,400,200,216,30589,6607224,202,5698016,3367946
598,335,168,184,30538,5618992,171,4908726,2701800
599,328,164,180,30488,5487840,167,4872559,2490304
600,262,131,147,30436,4474092,137,4058077,1919370
601,212,106,122,30384,3706848,113,3394181,1479622
602,212,106,122,30332,3700504,113,3437912,1374871
603,252,126,142,30278,4299476,131,4032573,1470868
604,312,156,172,30225,5198700,159,4946967,1634202
605,316,158,174,30171,5249754,160,5026240,1491040
606,340,170,186,30116,5601576,171,5418135,1428021
607,383,192,208,30062,6252896,191,6097866,1408625
608,431,216,232,30006,6961392,212,6813044,1355316
609,439,220,236,29950,7068200,216,6980688,1167264
610,435,218,234,29893,6994962,213,6915897,939330
611,452,226,242,29836,7220312,220,7169580,750640
612,450,225,241,29778,7176498,219,7156482,527790
613,374,187,203,29720,6033160,184,6023608,258888
614,304,152,168,29662,4983216,152,4980280,61104
615,256,128,144,29602,4262688,130,4258930,-78390
616,242,121,137,29543,4047391,124,4058272,-199392
617,232,116,132,29482,3891624,119,3886897,-310709
618,207,104,120,29422,3530640,108,3517236,-390096
619,213,106,122,29361,3582042,109,3536069,-502381
620,220,110,126,29300,3691800,113,3648205,-633026
621,198,99,115,29238,3362370,103,3306094,-678770
622,112,56,72,29174,2100528,64,2040320,-484544
623,84,42,58,29112,1688496,52,1644916,-444340
624,89,44,60,29048,1742880,53,1661868,-504136
625,35,18,34,28984,985456,30,931500,-314070
626,-10,-5,11,28920,318120,10,307140,-114170
627,23,12,28,28854,807912,25,758725,-308825
628,79,40,56,28789,1612184,49,1467844,-650671
629,111,56,72,28724,2068128,63,1860642,-894033
630,211,106,122,28657,3496154,107,3112095,-1614630
631,261,130,146,28590,4174140,127,3633343,-2028952
632,237,118,134,28523,3822082,117,3288285,-1970982
633,242,121,137,28455,3898335,119,3281425,-2106300
634,260,130,146,28387,4144502,126,3404394,-2335662
635,226,113,129,28318,3653022,111,2934618,-2148627
636,209,104,120,28249,3389880,103,2660696,-2076377
637,177,88,104,28180,2930720,89,2242889,-1863838
638,175,88,104,28110,2923440,89,2184683,-1931745
639,223,112,128,28039,3588992,110,2625700,-2469280
640,230,115,131,27968,3663808,112,2595040,-2595040
641,278,139,155,27897,4324035,132,2963136,-3150840
642,322,161,177,27826,4925202,150,3255750,-3682050
643,333,166,182,27753,5051046,154,3225068,-3880954
644,307,154,170,27680,4705600,144,2902896,-3719808
645,264,132,148,27608,4085984,125,2419625,-3304750
646,263,132,148,27534,4075032,124,2298588,-3350356
647,211,106,122,27460,3350120,102,1805400,-2812650
648,133,66,82,27386,2245652,69,1162374,-1939245
649,128,64,80,27312,2184960,67,1070392,-1916803
650,104,52,68,27236,1852048,57,860130,-1657845
651,84,42,58,27160,1575280,48,681168,-1417632
652,64,32,48,27085,1300080,40,531160,-1198240
653,-46,-23,-7,27008,-189056,-6,-74118,182094
654,-115,-58,-42,26932,-1131144,-35,-399595,1074990
655,-127,-64,-48,26854,-1288992,-39,-408291,1210950
656,-169,-84,-68,26777,-1820836,-56,-532672,1755936
657,-156,-78,-62,26699,-1655338,-51,-435795,1613283
658,-112,-56,-40,26621,-1064840,-32,-242272,1020160
659,-129,-64,-48,26542,-1274016,-39,-257010,1251822
660,-186,-93,-77,26463,-2037651,-62,-347324,2001670
661,-174,-87,-71,26384,-1873264,-57,-262713,1849137
662,-99,-50,-34,26304,-894336,-27,-97524,879309
663,-65,-32,-16,26224,-419584,-13,-33943,424619
664,-50,-25,-9,26143,-235287,-7,-11256,229096
665,-80,-40,-24,26062,-625488,-19,-11457,622459
666,-114,-57,-41,25981,-1065221,-33,13266,1081245
667,-167,-84,-68,25900,-1761200,-54,75978,1767798
668,-187,-94,-78,25818,-2013804,-61,147010,1993358
669,-242,-121,-105,25735,-2702175,-82,279784,2672298
670,-303,-152,-136,25652,-3488672,-106,467460,3441714
671,-285,-142,-126,25569,-3221694,-98,529592,3167164
672,-281,-140,-124,25486,-3160264,-96,613728,3085152
673,-280,-140,-124,25402,-3149848,-96,708000,3064896
674,-213,-106,-90,25318,-2278620,-70,584570,2217950
675,-162,-81,-65,25234,-1640210,-50,465950,1570700
676,-144,-72,-56,25148,-1408288,-43,441954,1337859
677,-164,-82,-66,25064,-1654224,-50,561400,1539150
678,-140,-70,-54,24978,-1348812,-41,498847,1247384
679,-124,-62,-46,24892,-1145032,-35,458290,1051295
680,-159,-80,-64,24806,-1587584,-48,672480,1421808
681,-196,-98,-82,24720,-2027040,-62,924544,1808974
682,-224,-112,-96,24633,-2364768,-72,1137600,2066832
683,-259,-130,-114,24546,-2798244,-85,1417205,2397680
684,-299,-150,-134,24459,-3277506,-100,1753000,2768300
685,-307,-154,-138,24372,-3363336,-103,1892213,2794699
686,-286,-143,-127,24284,-3084068,-94,1804330,2496264
687,-256,-128,-112,24195,-2709840,-83,1660000,2154265
688,-186,-93,-77,24106,-1856162,-57,1184859,1443753
689,-143,-72,-56,24018,-1345008,-41,883714,1011880
690,-155,-78,-62,23928,-1483536,-45,1003545,1080315
691,-185,-92,-76,23840,-1811840,-55,1266485,1282105
692,-188,-94,-78,23750,-1852500,-57,1352667,1287858
693,-213,-106,-90,23660,-2129400,-65,1586845,1420640
694,-204,-102,-86,23570,-2027020,-62,1554464,1307952
695,-222,-111,-95,23479,-2230505,-68,1748144,1381556
696,-250,-125,-109,23388,-2549292,-78,2052882,1522482
697,-245,-122,-106,23298,-2469588,-75,2017875,1402725
698,-226,-113,-97,23206,-2250982,-69,1895154,1232961
699,-199,-100,-84,23114,-1941576,-59,1652059,1004062
700,-189,-94,-78,23023,-1795794,-55,1568050,888305
701,-199,-100,-84,22930,-1926120,-59,1710528,900871
702,-218,-109,-93,22838,-2123934,-65,1914055,934180
703,-284,-142,-126,22746,-2865996,-87,2599038,1171194
704,-314,-157,-141,22653,-3194073,-97,2936481,1216283
705,-335,-168,-152,22560,-3429120,-105,3217515,1218525
706,-364,-182,-166,22467,-3729522,-114,3532290,1215126
707,-329,-164,-148,22374,-3311352,-101,3160997,980104
708,-309,-154,-138,22280,-3074640,-94,2968520,821466
709,-325,-162,-146,22186,-3239156,-99,3151467,768933
710,-313,-156,-140,22092,-3092880,-94,3013358,637884
711,-337,-168,-152,21998,-3343696,-102,3289500,591600
712,-380,-190,-174,21903,-3811122,-116,3759792,557728
713,-387,-194,-178,21808,-3881824,-118,3840310,449698
714,-334,-167,-151,21713,-3278663,-100,3264600,281100
715,-313,-156,-140,21618,-3026520,-92,3009964,166428
716,-287,-144,-128,21522,-2754816,-84,2751588,67536
717,-220,-110,-94,21427,-2014138,-61,1998726,-12261
718,-224,-112,-96,21332,-2047872,-62,2030190,-74772
719,-235,-118,-102,21236,-2166072,-66,2157672,-145860
720,-248,-124,-108,21140,-2283120,-70,2282630,-224840
721,-241,-120,-104,21043,-2188472,-67,2177165,-282070
722,-268,-134,-118,20946,-2471628,-75,2426325,-390375
723,-301,-150,-134,20850,-2793900,-85,2734960,-526575
724,-294,-147,-131,20753,-2718643,-83,2653593,-595857
725,-259,-130,-114,20656,-2354784,-72,2284992,-587304
726,-221,-110,-94,20559,-1932546,-59,1856730,-538434
727,-157,-78,-62,20462,-1268644,-39,1215864,-393393
728,-142,-71,-55,20364,-1120020,-34,1048968,-375326
729,-164,-82,-66,20267,-1337622,-41,1250418,-491180
730,-124,-62,-46,20169,-927774,-28,843276,-361480
731,-105,-52,-36,20071,-722556,-22,653532,-304216
732,-97,-48,-32,19973,-639136,-20,585360,-294640
733,-56,-28,-12,19875,-238500,-7,201621,-109361
734,-49,-24,-8,19776,-158208,-5,141550,-82495
735,-120,-60,-44,19678,-865832,-26,722540,-451360
736,-159,-80,-64,19580,-1253120,-38,1035310,-691752
737,-111,-56,-40,19481,-779240,-24,640176,-456768
738,-35,-18,-2,19382,-38764,-1,26077,-19841
739,32,16,32,19284,617088,19,-483664,391989
740,65,32,48,19184,920832,28,-694708,599284
741,118,59,75,19086,1431450,44,-1062292,974776
742,146,73,89,18986,1689754,52,-1219504,1189968
743,176,88,104,18887,1964248,60,-1364340,1415520
744,243,122,138,18788,2592744,79,-1738395,1918041
745,239,120,136,18688,2541568,78,-1657500,1945476
746,210,105,121,18588,2249148,69,-1412775,1765158
747,201,100,116,18488,2144608,65,-1279200,1702870
748,178,89,105,18389,1930845,59,-1113212,1580610
749,174,87,103,18289,1883767,57,-1028109,1559292
750,151,76,92,18190,1673480,51,-876639,1422696
751,114,57,73,18090,1320570,40,-653000,1136440
752,90,45,61,17990,1097390,33,-509718,953634
753,48,24,40,17890,715600,22,-320166,645876
754,-27,-14,2,17789,35578,1,-13645,29791
755,-143,-72,-56,17689,-990584,-30,381750,-905850
756,-174,-87,-71,17588,-1248748,-38,448134,-1161698
757,-150,-75,-59,17488,-1031792,-31,336319,-958489
758,-154,-77,-61,17388,-1060668,-32,316672,-999584
759,-176,-88,-72,17288,-1244736,-38,339454,-1197988
760,-198,-99,-83,17188,-1426604,-44,350328,-1398540
761,-191,-96,-80,17087,-1366960,-42,293286,-1344588
762,-208,-104,-88,16986,-1494768,-46,275908,-1481798
763,-244,-122,-106,16886,-1789916,-55,275385,-1781010
764,-258,-129,-113,16786,-1896818,-58,232638,-1886218
765,-229,-114,-98,16685,-1635130,-50,150600,-1631400
766,-189,-94,-78,16584,-1293552,-39,78351,-1275495
767,-171,-86,-70,16484,-1153880,-35,35175,-1146320
768,-159,-80,-64,16384,-1048576,-32,0,-1048544
769,-182,-91,-75,16283,-1221225,-37,-37185,-1211824
770,-177,-88,-72,16182,-1165104,-36,-72324,-1177380
771,-163,-82,-66,16082,-1061412,-32,-96384,-1044096
772,-149,-74,-58,15982,-926956,-28,-112308,-910588
773,-86,-43,-27,15881,-428787,-13,-65091,-420966
774,-90,-45,-29,15780,-457620,-14,-83972,-450982
775,-119,-60,-44,15680,-689920,-21,-146643,-672294
776,-97,-48,-32,15580,-498560,-15,-119430,-476775
777,-52,-26,-10,15479,-154790,-5,-44665,-157630
778,-79,-40,-24,15379,-369096,-11,-108856,-343607
779,-120,-60,-44,15278,-672232,-21,-227829,-649299
780,-126,-63,-47,15178,-713366,-22,-259446,-672562
781,-167,-84,-68,15078,-1025304,-31,-394475,-936045
782,-170,-85,-69,14978,-1033482,-32,-436640,-953312
783,-134,-67,-51,14878,-758778,-23,-334719,-675234
784,-119,-60,-44,14778,-650232,-20,-308920,-577960
785,-148,-74,-58,14678,-851324,-26,-424450,-738686
786,-178,-89,-73,14578,-1064194,-32,-550048,-892672
787,-180,-90,-74,14478,-1071372,-33,-595221,-902748
788,-162,-81,-65,14378,-934570,-29,-547172,-776910
789,-108,-54,-38,14278,-542564,-17,-334560,-445366
790,-65,-32,-16,14178,-226848,-7,-143325,-179074
791,-11,-6,10,14079,140790,4,85000,99768
792,24,12,28,13980,391440,12,264060,291348
793,21,10,26,13880,360880,11,250129,259512
794,-3,-2,14,13781,192934,6,140712,137304
795,-47,-24,-8,13682,-109456,-3,-72429,-66462
796,-23,-12,4,13582,54328,2,49622,42806
797,-48,-24,-8,13484,-107872,-3,-76368,-61893
798,-71,-36,-20,13384,-267680,-8,-208616,-158728
799,-88,-44,-28,13286,-372008,-11,-293414,-209352
800,-86,-43,-27,13187,-356049,-11,-299695,-200244
801,-46,-23,-7,13088,-91616,-3,-83370,-52080
802,-31,-16,0,12990,0,0,0,0
803,-12,-6,10,12892,128920,4,115212,62492
804,-29,-14,2,12794,25588,1,29268,14732
805,-22,-11,5,12696,63480,2,59412,27656
806,15,8,24,12598,302352,9,271053,116190
807,19,10,26,12500,325000,10,304980,119800
808,19,10,26,12402,322452,10,308520,110390
809,4,2,18,12305,221490,7,218232,70609
810,45,22,38,12208,463904,14,440580,127764
811,119,60,76,12111,920436,28,888608,228396
812,106,53,69,12014,828966,25,799275,179475
813,119,60,76,11917,905692,28,900928,173460
814,144,72,88,11820,1040160,32,1035232,166560
815,125,62,78,11724,914472,28,909860,117880
816,144,72,88,11628,1023264,31,1010879,99572
817,192,96,112,11532,1291584,39,1274988,86190
818,267,134,150,11436,1715400,52,1702740,62712
819,311,156,172,11340,1950480,60,1965960,12060
820,290,145,161,11244,1810284,55,1801635,-44220
821,276,138,154,11149,1716946,52,1701284,-94068
822,220,110,126,11054,1392804,43,1403778,-120873
823,192,96,112,10959,1227408,37,1204165,-141007
824,221,110,126,10864,1368864,42,1361304,-201936
825,225,112,128,10770,1378560,42,1354500,-243600
826,201,100,116,10675,1238300,38,1218166,-257868
827,179,90,106,10581,1121586,34,1082322,-264078
828,170,85,101,10487,1059187,32,1010560,-279648
829,166,83,99,10394,1029006,31,970207,-300824
830,132,66,82,10300,844600,26,805610,-277134
831,102,51,67,10207,683869,21,643503,-243705
832,108,54,70,10114,707980,22,666006,-275858
833,180,90,106,10021,1062226,32,955968,-430784
834,274,137,153,9928,1518984,46,1354562,-661112
835,292,146,162,9836,1593432,49,1420608,-748181
836,300,150,166,9744,1617504,49,1396990,-791399
837,361,180,196,9652,1891792,58,1624058,-987044
838,434,217,233,9561,2227713,68,1867688,-1215092
839,494,247,263,9470,2490610,76,2044780,-1421428
840,486,243,259,9378,2428902,74,1947606,-1444406
841,454,227,243,9288,2256984,69,1773852,-1401873
842,433,216,232,9198,2133936,65,1629680,-1371240
843,420,210,226,9107,2058182,63,1538019,-1376928
844,404,202,218,9018,1965924,60,1423860,-1355640
845,368,184,200,8928,1785600,54,1243458,-1258794
846,332,166,182,8838,1608516,49,1092749,-1176343
847,348,174,190,8749,1662310,51,1099254,-1258680
848,381,190,206,8660,1783960,54,1122498,-1367766
849,415,208,224,8572,1920128,59,1180000,-1531345
850,458,229,245,8484,2078580,63,1209285,-1673028
851,456,228,244,8396,2048624,63,1157373,-1709379
852,449,224,240,8308,1993920,61,1069330,-1688663
853,473,236,252,8221,2071692,63,1050399,-1777104
854,471,236,252,8134,2049768,63,995400,-1808478
855,482,241,257,8047,2068079,63,939456,-1838151
856,531,266,282,7960,2244720,69,966690,-2043849
857,542,271,287,7874,2259838,69,903486,-2072553
858,588,294,310,7789,2414590,74,900358,-2251376
859,673,336,352,7704,2711808,83,931924,-2554989
860,672,336,352,7618,2681536,82,842796,-2551266
861,655,328,344,7534,2591696,79,736201,-2481706
862,615,308,324,7449,2413476,74,617974,-2344690
863,600,300,316,7365,2327340,71,523625,-2266746
864,589,294,310,7282,2257420,69,441117,-2217453
865,579,290,306,7198,2202588,67,362068,-2165306
866,539,270,286,7115,2034890,62,273420,-2013078
867,493,246,262,7032,1842384,56,191072,-1824984
868,458,229,245,6950,1702750,52,125320,-1699256
869,449,224,240,6868,1648320,50,70350,-1636850
870,443,222,238,6786,1615068,49,19698,-1605485
871,418,209,225,6705,1508625,46,-27738,-1507006
872,445,222,238,6624,1576512,48,-77184,-1570944
873,451,226,242,6544,1583648,48,-125328,-1567824
874,402,201,217,6463,1402471,43,-155316,-1400381
875,427,214,230,6384,1468320,45,-207405,-1459845
876,377,188,204,6304,1286016,39,-218478,-1259115
877,273,136,152,6225,946200,29,-191110,-930842
878,255,128,144,6146,885024,27,-204417,-860760
879,248,124,140,6068,849520,26,-222170,-822458
880,218,109,125,5990,748750,23,-218776,-721188
881,229,114,130,5912,768560,23,-240787,-714150
882,261,130,146,5836,852056,26,-296842,-798564
883,239,120,136,5758,783088,24,-296472,-728376
884,204,102,118,5682,670476,20,-265580,-599120
885,175,88,104,5606,583024,18,-255438,-531612
886,163,82,98,5531,542038,17,-256530,-494445
887,168,84,100,5456,545600,17,-271592,-486353
888,185,92,108,5381,581148,18,-303228,-505890
889,229,114,130,5306,689780,21,-371700,-579075
890,234,117,133,5233,695989,21,-389277,-567399
891,214,107,123,5160,634680,19,-367783,-502322
892,229,114,130,5086,661180,20,-403180,-516640
893,240,120,136,5014,681904,21,-439782,-529221
894,234,117,133,4942,657286,20,-434100,-490940
895,195,98,114,4870,555180,17,-381616,-405790
896,150,75,91,4798,436618,13,-301210,-301210
897,118,59,75,4728,354600,11,-262570,-246928
898,104,52,68,4658,316744,10,-245470,-217050
899,85,42,58,4588,266104,8,-201608,-167536
900,69,34,50,4518,225900,7,-180824,-141113
901,41,20,36,4448,160128,5,-132190,-96785
902,25,12,28,4380,122640,4,-108076,-74148
903,-4,-2,14,4312,60368,2,-55150,-35400
904,-35,-18,-2,4244,-8488,0,0,0
905,-99,-50,-34,4177,-142018,-4,114436,63904
906,-166,-83,-67,4110,-275370,-8,232680,120720
907,-142,-71,-55,4044,-222420,-7,206738,99337
908,-127,-64,-48,3978,-190944,-6,179736,79674
909,-148,-74,-58,3912,-226896,-7,212443,86471
910,-165,-82,-66,3848,-253968,-8,245712,91336
911,-158,-79,-63,3783,-238329,-7,217350,73283
912,-176,-88,-72,3719,-267768,-8,250848,76096
913,-197,-98,-82,3656,-299792,-9,284697,76905
914,-205,-102,-86,3592,-308912,-9,286920,68139
915,-239,-120,-104,3530,-367120,-11,353078,72490
916,-235,-118,-102,3468,-353736,-11,355135,61622
917,-232,-116,-100,3406,-340600,-10,324410,46090
918,-275,-138,-122,3345,-408090,-12,390804,43344
919,-341,-170,-154,3284,-505736,-15,489945,39165
920,-368,-184,-168,3224,-541632,-17,556376,27336
921,-375,-188,-172,3164,-544208,-17,556937,10251
922,-382,-191,-175,3106,-543550,-17,557005,-6834
923,-405,-202,-186,3046,-566556,-17,556529,-23919
924,-372,-186,-170,2988,-507960,-16,522848,-38560
925,-396,-198,-182,2931,-533442,-16,521424,-54592
926,-474,-237,-221,2874,-635154,-19,616911,-83790
927,-475,-238,-222,2817,-625374,-19,614042,-102676
928,-469,-234,-218,2761,-601898,-18,578466,-115074
929,-459,-230,-214,2706,-579084,-18,574668,-132750
930,-458,-229,-213,2650,-564450,-17,538645,-141967
931,-422,-211,-195,2596,-506220,-15,471210,-139785
932,-357,-178,-162,2542,-411804,-13,404469,-133614
933,-288,-144,-128,2488,-318464,-10,307830,-112280
934,-274,-137,-121,2436,-294756,-9,273816,-109503
935,-249,-124,-108,2383,-257364,-8,240296,-104752
936,-208,-104,-88,2331,-205128,-6,177726,-84060
937,-178,-89,-73,2280,-166440,-5,145885,-74560
938,-128,-64,-48,2228,-106944,-3,86118,-47400
939,-123,-62,-46,2178,-100188,-3,84624,-50019
940,-142,-71,-55,2128,-117040,-4,110732,-70120
941,-157,-78,-62,2079,-128898,-4,108532,-73484
942,-162,-81,-65,2030,-131950,-4,106224,-76780
943,-116,-58,-42,1982,-83244,-3,77865,-60000
944,-106,-53,-37,1934,-71558,-2,50658,-41574
945,-115,-58,-42,1888,-79296,-2,49360,-43108
946,-123,-62,-46,1841,-84686,-3,72021,-66903
947,-130,-65,-49,1795,-87955,-3,69933,-69081
948,-210,-105,-89,1750,-155750,-5,112970,-118655
949,-290,-145,-129,1704,-219816,-7,152992,-170891
950,-367,-184,-168,1660,-278880,-9,189864,-225648
951,-426,-213,-197,1616,-318352,-10,203170,-257080
952,-403,-202,-186,1573,-292578,-9,175671,-236871
953,-346,-173,-157,1530,-240210,-7,130921,-188335
954,-397,-198,-182,1488,-270816,-8,142952,-219728
955,-473,-236,-220,1446,-318120,-10,170180,-280010
956,-471,-236,-220,1406,-309320,-9,145359,-256590
957,-510,-255,-239,1365,-326235,-10,152690,-289920
958,-544,-272,-256,1325,-339200,-10,143720,-294470
959,-527,-264,-248,1286,-318928,-10,134620,-298740
960,-492,-246,-230,1247,-286810,-9,112851,-272457
961,-464,-232,-216,1209,-261144,-8,92840,-245144
962,-468,-234,-218,1172,-255496,-8,85272,-247880
963,-458,-229,-213,1134,-241542,-7,67928,-219079
964,-424,-212,-196,1098,-215208,-7,61173,-221060
965,-406,-203,-187,1062,-198594,-6,46602,-190998
966,-397,-198,-182,1026,-186732,-6,40716,-192342
967,-426,-213,-197,992,-195424,-6,34800,-193500
968,-417,-208,-192,958,-183936,-6,28848,-194472
969,-342,-171,-155,924,-143220,-4,15244,-130180
970,-305,-152,-136,891,-121176,-4,11244,-130584
971,-265,-132,-116,858,-99528,-3,5427,-98151
972,-219,-110,-94,827,-77738,-2,1608,-65514
973,-230,-115,-99,796,-78804,-2,-402,-65532
974,-248,-124,-108,765,-82620,-3,-3618,-98235
975,-280,-140,-124,735,-91140,-3,-6630,-98076
976,-318,-159,-143,706,-100958,-3,-9636,-97827
977,-371,-186,-170,676,-114920,-4,-16840,-129980
978,-433,-216,-200,648,-129600,-4,-20820,-129404
979,-481,-240,-224,620,-138880,-4,-24780,-128704
980,-443,-222,-206,594,-122364,-4,-28716,-127884
981,-419,-210,-194,567,-109998,-3,-24471,-95208
982,-428,-214,-198,541,-107118,-3,-27378,-94410
983,-443,-222,-206,516,-106296,-3,-30261,-93528
984,-448,-224,-208,491,-102128,-3,-33117,-92556
985,-440,-220,-204,467,-95268,-3,-35940,-91494
986,-424,-212,-196,444,-87024,-3,-38730,-90351
987,-428,-214,-198,420,-83160,-3,-41484,-89118
988,-424,-212,-196,398,-78008,-2,-29464,-58536
989,-451,-226,-210,376,-78960,-2,-31246,-57606
990,-492,-246,-230,355,-81650,-2,-32998,-56620
991,-477,-238,-222,334,-74148,-2,-34720,-55580
992,-491,-246,-230,315,-72450,-2,-36408,-54490
993,-492,-246,-230,296,-68080,-2,-38064,-53348
994,-482,-241,-225,277,-62325,-2,-39682,-52154
995,-496,-248,-232,258,-59856,-2,-41262,-50912
996,-512,-256,-240,241,-57840,-2,-42806,-49622
997,-520,-260,-244,224,-54656,-2,-44308,-48286
998,-553,-276,-260,208,-54080,-2,-45768,-46904
999,-549,-274,-258,192,-49536,-2,-47184,-45478
1000,-528,-264,-248,178,-44144,-1,-24279,-22005
1001,-486,-243,-227,163,-37001,-1,-24942,-21250
1002,-488,-244,-228,149,-33972,-1,-25582,-20475
1003,-483,-242,-226,136,-30736,-1,-26198,-19680
1004,-406,-203,-187,123,-23001,-1,-26790,-18868
1005,-327,-164,-148,111,-16428,-1,-27356,-18037
1006,-291,-146,-130,100,-13000,0,0,0
1007,-271,-136,-120,89,-10680,0,0,0
1008,-287,-144,-128,79,-10112,0,0,0
1009,-281,-140,-124,70,-8680,0,0,0
1010,-268,-134,-118,60,-7080,0,0,0
1011,-311,-156,-140,52,-7280,0,0,0
1012,-336,-168,-152,44,-6688,0,0,0
1013,-310,-155,-139,38,-5282,0,0,0
1014,-322,-161,-145,31,-4495,0,0,0
1015,-293,-146,-130,25,-3250,0,0,0
1016,-228,-114,-98,20,-1960,0,0,0
1017,-211,-106,-90,15,-1350,0,0,0
1018,-224,-112,-96,11,-1056,0,0,0
1019,-252,-126,-110,8,-880,0,0,0
1020,-245,-122,-106,5,-530,0,0,0
1021,-232,-116,-100,3,-300,0,0,0
1022,-198,-99,-83,1,-83,0,0,0
1023,-98,-49,-33,0,0,0,0,0
